{"stats":{"minecraft:killed":{"spore:inf_pillager":6,"spore:inf_villager":12,"minecraft:sheep":8,"minecraft:horse":1,"minecraft:skeleton":9,"minecraft:wolf":2,"minecraft:zombie":5,"spore:inf_human":22,"minecraft:pig":6,"spore:inf_player":2,"alexscaves:deep_one_knight":2,"spore:inf_wanderer":2,"minecraft:chicken":9,"minecraft:stray":2,"minecraft:salmon":6,"minecraft:spider":5,"minecraft:vindicator":1,"spore:inf_drowned":1,"alexscaves:deep_one":2,"minecraft:creeper":8,"minecraft:enderman":2,"alexscaves:gossamer_worm":1},"minecraft:dropped":{"minecraft:mutton":1,"tacz:modern_kinetic_gun":1},"minecraft:custom":{"minecraft:sprint_one_cm":129877,"minecraft:damage_absorbed":8,"minecraft:damage_taken":451,"minecraft:walk_one_cm":218974,"minecraft:trigger_trapped_chest":1,"minecraft:mob_kills":114,"minecraft:drop":2,"tombstone:raider_killed":1,"minecraft:damage_dealt":746,"minecraft:talked_to_villager":4,"minecraft:swim_one_cm":7069,"minecraft:fly_one_cm":688643,"minecraft:play_time":114519,"minecraft:crouch_one_cm":2293,"tombstone:undead_killed":19,"minecraft:sneak_time":992,"minecraft:walk_under_water_one_cm":2971,"minecraft:jump":798,"minecraft:aviate_one_cm":160485,"minecraft:damage_dealt_resisted":0,"minecraft:leave_game":5,"minecraft:time_since_death":114519,"minecraft:walk_on_water_one_cm":2751,"minecraft:total_world_time":114519,"minecraft:fall_one_cm":12393,"minecraft:time_since_rest":114519},"minecraft:used":{"alexscaves:sea_staff":53,"minecraft:grass_block":1,"alexscaves:extinction_spear":8,"alexscaves:submarine":1,"tombstone:magic_scroll":2,"minecraft:torch":5,"minecraft:golden_apple":1,"minecraft:white_wool":18,"alexscaves:gossamer_worm_bucket":1,"minecraft:dirt":10,"tombstone:gift":2,"minecraft:egg":8,"bosses_of_mass_destruction:mob_ward":2,"minecraft:cooked_beef":6,"minecraft:spruce_log":1,"alexscaves:magic_conch":1},"minecraft:mined":{"minecraft:large_fern":1,"minecraft:spruce_log":1,"minecraft:grass_block":9,"minecraft:dirt":1},"minecraft:picked_up":{"minecraft:tipped_arrow":1,"minecraft:leather_chestplate":1,"apotheosis:gem":1,"spore:cerebrum":2,"minecraft:leather_leggings":1,"minecraft:copper_ingot":4,"minecraft:lead":6,"minecraft:porkchop":7,"minecraft:chainmail_chestplate":1,"tombstone:grave_dust":1,"minecraft:spruce_log":1,"minecraft:gunpowder":2,"minecraft:dirt":10,"minecraft:string":1,"minecraft:bone":1,"minecraft:arrow":3,"minecraft:rotten_flesh":1,"tacz:modern_kinetic_gun":1,"minecraft:chainmail_leggings":2,"spore:mutated_fiber":14,"minecraft:chainmail_helmet":1,"spore:spine_fragment":1,"tombstone:magic_scroll":1,"minecraft:mutton":5,"minecraft:white_wool":4,"minecraft:egg":1}},"DataVersion":3465}