{"stats":{"minecraft:picked_up":{"minecraft:tipped_arrow":1,"apotheosis:gem":1,"spore:cerebrum":1,"minecraft:chainmail_chestplate":1,"tombstone:grave_dust":1,"minecraft:spruce_log":1,"minecraft:gunpowder":2,"minecraft:dirt":10,"minecraft:bone":1,"minecraft:arrow":3,"minecraft:chainmail_leggings":1,"spore:mutated_fiber":9,"spore:spine_fragment":1,"minecraft:mutton":1,"minecraft:white_wool":1},"minecraft:killed":{"spore:inf_pillager":3,"spore:inf_villager":4,"minecraft:skeleton":7,"minecraft:wolf":2,"minecraft:zombie":2,"spore:inf_human":8,"minecraft:pig":2,"spore:inf_player":1,"spore:inf_wanderer":1,"minecraft:chicken":5,"minecraft:stray":1,"minecraft:spider":3,"minecraft:creeper":6},"minecraft:custom":{"minecraft:time_since_rest":29423,"minecraft:sprint_one_cm":71290,"minecraft:damage_taken":427,"minecraft:walk_one_cm":94470,"minecraft:mob_kills":45,"minecraft:drop":1,"minecraft:damage_dealt":40,"minecraft:swim_one_cm":5601,"minecraft:fly_one_cm":156275,"minecraft:crouch_one_cm":698,"minecraft:play_time":29423,"tombstone:undead_killed":11,"minecraft:sneak_time":257,"minecraft:walk_under_water_one_cm":362,"minecraft:jump":397,"minecraft:damage_dealt_resisted":0,"minecraft:time_since_death":29423,"minecraft:walk_on_water_one_cm":1439,"minecraft:total_world_time":29423,"minecraft:fall_one_cm":12184},"minecraft:used":{"minecraft:grass_block":1,"minecraft:white_wool":1,"minecraft:dirt":10,"minecraft:cooked_beef":6,"minecraft:spruce_log":1},"minecraft:dropped":{"minecraft:mutton":1},"minecraft:mined":{"minecraft:large_fern":1,"minecraft:spruce_log":1,"minecraft:grass_block":9,"minecraft:dirt":1}},"DataVersion":3465}