{"stats":{"minecraft:killed":{"spore:inf_hazmat":3,"minecraft:cave_spider":26,"minecraft:witch":1,"minecraft:vindicator":1,"minecraft:spider":12,"alexscaves:deep_one":2,"minecraft:phantom":1,"minecraft:skeleton":20,"minecraft:horse":1,"minecraft:bee":2,"minecraft:chicken":10,"minecraft:skeleton_horse":1,"minecraft:wolf":3,"minecraft:piglin":1,"minecraft:husk":1,"minecraft:pig":11,"spore:inf_player":5,"alexscaves:deep_one_knight":2,"spore:inf_wanderer":4,"minecraft:salmon":6,"spore:inf_drowned":1,"minecraft:creeper":20,"alexscaves:gossamer_worm":1,"spore:inf_pillager":10,"minecraft:sheep":12,"spore:inf_villager":16,"minecraft:trader_llama":1,"minecraft:zombie":16,"spore:inf_human":29,"minecraft:stray":2,"spore:inf_witch":3,"minecraft:cow":6,"minecraft:blaze":1,"minecraft:enderman":3},"minecraft:picked_up":{"minecraft:chicken":2,"minecraft:turtle_helmet":1,"minecraft:leather_leggings":2,"minecraft:lead":6,"alexscaves:cave_tablet":2,"minecraft:stone_brick_wall":8,"minecraft:shield":1,"minecraft:string":22,"minecraft:raw_copper":55,"minecraft:iron_axe":1,"tacz:ammo":60,"minecraft:iron_shovel":1,"minecraft:cyan_carpet":3,"minecraft:cobbled_deepslate":260,"bosses_of_mass_destruction:soul_star":14,"minecraft:beef":5,"minecraft:iron_pickaxe":2,"minecraft:phantom_membrane":1,"minecraft:egg":3,"minecraft:tipped_arrow":1,"minecraft:stick":4,"minecraft:raw_iron":12,"apotheosis:gem":10,"minecraft:copper_ingot":4,"minecraft:torch":48,"minecraft:porkchop":7,"tombstone:grave_dust":5,"minecraft:pointed_dripstone":3,"minecraft:diorite":2,"minecraft:redstone":2,"minecraft:arrow":12,"minecraft:rotten_flesh":12,"minecraft:polished_basalt":4,"alexscaves:spelunkery_table":2,"minecraft:mutton":5,"minecraft:white_wool":4,"minecraft:cobblestone":46,"spore:cdu":1,"minecraft:leather_chestplate":2,"minecraft:andesite":1,"minecraft:tuff":24,"minecraft:chainmail_chestplate":1,"minecraft:cobbled_deepslate_stairs":1,"minecraft:gunpowder":9,"minecraft:lapis_lazuli":232,"minecraft:paper":4,"minecraft:dirt":28,"tombstone:gift":1,"minecraft:bone":12,"minecraft:stone_bricks":5,"minecraft:bow":2,"minecraft:wheat_seeds":5,"minecraft:raw_gold":61,"spore:mutated_fiber":26,"tombstone:bag_of_seeds":2,"minecraft:oak_planks":15,"minecraft:book":9,"spore:cerebrum":3,"minecraft:spruce_log":1,"minecraft:spider_eye":11,"minecraft:diamond":46,"tacz:modern_kinetic_gun":2,"minecraft:chainmail_leggings":2,"minecraft:chainmail_helmet":1,"spore:spine_fragment":1,"tombstone:magic_scroll":1,"minecraft:coal":2,"minecraft:ender_pearl":1},"minecraft:custom":{"minecraft:interact_with_smithing_table":2,"minecraft:mob_kills":235,"minecraft:open_barrel":2,"minecraft:bell_ring":4,"minecraft:damage_dealt_resisted":0,"minecraft:leave_game":13,"minecraft:time_since_death":60950,"minecraft:climb_one_cm":1759,"minecraft:damage_resisted":0,"minecraft:sprint_one_cm":572277,"minecraft:walk_one_cm":1067763,"minecraft:drop":43,"minecraft:talked_to_villager":4,"minecraft:play_time":439235,"minecraft:deaths":4,"minecraft:sneak_time":10461,"minecraft:walk_under_water_one_cm":28553,"minecraft:jump":5207,"minecraft:interact_with_blast_furnace":2,"minecraft:walk_on_water_one_cm":44971,"minecraft:total_world_time":439235,"minecraft:interact_with_furnace":11,"tombstone:raider_killed":3,"minecraft:interact_with_loom":19,"minecraft:sleep_in_bed":9,"minecraft:time_since_rest":13492,"minecraft:damage_taken":5113,"minecraft:damage_absorbed":8,"minecraft:trigger_trapped_chest":2,"minecraft:damage_dealt":7526,"minecraft:swim_one_cm":75836,"minecraft:fly_one_cm":1887315,"minecraft:player_kills":1,"minecraft:open_chest":60,"minecraft:crouch_one_cm":26235,"tombstone:undead_killed":45,"minecraft:aviate_one_cm":160485,"minecraft:fall_one_cm":114424},"minecraft:used":{"alexscaves:magic_conch":1,"spore:cdu":1,"minecraft:flint_and_steel":2,"minecraft:polished_basalt":1,"minecraft:stone":4,"minecraft:iron_sword":185,"minecraft:cooked_chicken":3,"minecraft:torch":42,"minecraft:dirt":21,"ironchest:iron_chest":2,"bosses_of_mass_destruction:mob_ward":2,"minecraft:tuff":1,"minecraft:obsidian":7,"minecraft:glass":12,"alexscaves:sea_staff":53,"minecraft:iron_axe":19,"minecraft:grass_block":72,"alexscaves:submarine":1,"minecraft:stone_bricks":2,"minecraft:furnace":1,"tombstone:gift":8,"minecraft:egg":10,"minecraft:cooked_beef":13,"minecraft:cobbled_deepslate":55,"minecraft:light_gray_bed":4,"minecraft:cooked_mutton":49,"minecraft:diorite":2,"minecraft:spruce_door":2,"minecraft:oak_planks":288,"minecraft:ender_pearl":1,"alexscaves:gossamer_worm_bucket":1,"minecraft:white_wool":18,"minecraft:golden_apple":1,"minecraft:crafting_table":1,"minecraft:blast_furnace":1,"minecraft:spider_eye":1,"bosses_of_mass_destruction:soul_star":14,"minecraft:cobbled_deepslate_stairs":1,"minecraft:spruce_log":1,"minecraft:oak_log":14,"minecraft:iron_pickaxe":503,"alexscaves:extinction_spear":8,"minecraft:cyan_carpet":3,"tombstone:magic_scroll":2,"minecraft:cobblestone":30,"travelersbackpack:standard":11,"minecraft:smithing_table":1,"minecraft:crimson_door":2,"minecraft:andesite":18,"minecraft:birch_log":1},"minecraft:crafted":{"minecraft:oak_planks":52},"minecraft:dropped":{"minecraft:cooked_beef":8,"minecraft:iron_helmet":1,"travelersbackpack:standard":1,"tombstone:bag_of_seeds":2,"minecraft:torch":1,"minecraft:mutton":1,"tombstone:grave_dust":4,"tacz:modern_kinetic_gun":2,"minecraft:phantom_membrane":1,"minecraft:iron_pickaxe":2,"minecraft:paper":4,"minecraft:string":1,"minecraft:bone":2,"alexscaves:cave_tablet":2,"minecraft:chicken":2,"minecraft:rotten_flesh":1,"minecraft:iron_boots":1,"minecraft:cooked_mutton":30,"patchouli:guide_book":1,"minecraft:spider_eye":3,"tacz:ammo":163,"minecraft:arrow":5},"minecraft:killed_by":{"minecraft:player":1,"spore:inf_wanderer":1,"spore:inf_player":1},"minecraft:mined":{"alexscaves:spelunkery_table":1,"minecraft:tuff":27,"minecraft:deepslate_diamond_ore":15,"minecraft:stone_brick_wall":22,"minecraft:grass_block":21,"minecraft:spruce_leaves":1,"minecraft:large_fern":5,"minecraft:polished_basalt":7,"minecraft:iron_ore":7,"minecraft:cobbled_deepslate":3,"spore:cdu":1,"minecraft:andesite":1,"minecraft:deepslate_lapis_ore":5,"minecraft:bookshelf":3,"minecraft:deepslate_iron_ore":1,"minecraft:stone":56,"spore:lab_block":1,"minecraft:deepslate_redstone_ore":8,"minecraft:torch":8,"minecraft:copper_ore":4,"minecraft:deepslate_gold_ore":13,"minecraft:oak_planks":15,"minecraft:diorite":1,"minecraft:wall_torch":7,"minecraft:deepslate_copper_ore":9,"minecraft:ice":96,"minecraft:spruce_log":1,"minecraft:birch_leaves":2,"minecraft:grass":3,"minecraft:coal_ore":2,"minecraft:cyan_carpet":3,"minecraft:dirt":1,"minecraft:cracked_stone_bricks":3,"minecraft:stone_bricks":9,"minecraft:oak_leaves":7,"minecraft:deepslate":213}},"DataVersion":3465}