{"stats":{"minecraft:crafted":{"minecraft:oak_planks":12},"minecraft:killed":{"minecraft:wolf":3,"minecraft:husk":1,"minecraft:pig":11,"minecraft:witch":1,"spore:inf_player":2,"alexscaves:deep_one_knight":2,"spore:inf_wanderer":2,"minecraft:salmon":6,"minecraft:vindicator":1,"minecraft:spider":8,"spore:inf_drowned":1,"alexscaves:deep_one":2,"minecraft:creeper":15,"alexscaves:gossamer_worm":1,"spore:inf_villager":15,"spore:inf_pillager":9,"minecraft:horse":1,"minecraft:sheep":12,"minecraft:skeleton":12,"minecraft:trader_llama":1,"minecraft:zombie":10,"spore:inf_human":27,"minecraft:bee":2,"minecraft:chicken":10,"minecraft:stray":2,"spore:inf_witch":2,"minecraft:enderman":3,"minecraft:cow":4},"minecraft:dropped":{"alexscaves:cave_tablet":2,"minecraft:chicken":2,"minecraft:cooked_mutton":29,"travelersbackpack:standard":1,"tombstone:bag_of_seeds":2,"minecraft:torch":1,"minecraft:mutton":1,"tacz:modern_kinetic_gun":1,"minecraft:arrow":1,"minecraft:paper":4,"minecraft:bone":2},"minecraft:custom":{"minecraft:interact_with_smithing_table":1,"minecraft:interact_with_furnace":3,"minecraft:mob_kills":166,"tombstone:raider_killed":2,"minecraft:open_barrel":2,"minecraft:interact_with_loom":8,"minecraft:damage_dealt_resisted":0,"minecraft:leave_game":11,"minecraft:time_since_death":289903,"minecraft:sleep_in_bed":3,"minecraft:climb_one_cm":598,"minecraft:damage_resisted":0,"minecraft:time_since_rest":30176,"minecraft:sprint_one_cm":285352,"minecraft:damage_absorbed":8,"minecraft:damage_taken":1143,"minecraft:walk_one_cm":588532,"minecraft:trigger_trapped_chest":1,"minecraft:drop":13,"minecraft:damage_dealt":2237,"minecraft:swim_one_cm":49434,"minecraft:talked_to_villager":4,"minecraft:fly_one_cm":1204911,"minecraft:player_kills":1,"minecraft:open_chest":35,"minecraft:crouch_one_cm":10782,"minecraft:play_time":289903,"tombstone:undead_killed":29,"minecraft:sneak_time":5200,"minecraft:walk_under_water_one_cm":22363,"minecraft:aviate_one_cm":160485,"minecraft:jump":2415,"minecraft:interact_with_blast_furnace":2,"minecraft:walk_on_water_one_cm":31443,"minecraft:total_world_time":289903,"minecraft:fall_one_cm":49363},"minecraft:used":{"alexscaves:magic_conch":1,"minecraft:cooked_mutton":16,"minecraft:diorite":2,"minecraft:spruce_door":2,"minecraft:oak_planks":230,"minecraft:ender_pearl":1,"minecraft:stone":4,"minecraft:iron_sword":30,"alexscaves:gossamer_worm_bucket":1,"minecraft:white_wool":18,"minecraft:torch":28,"minecraft:golden_apple":1,"minecraft:dirt":14,"minecraft:crafting_table":1,"minecraft:blast_furnace":1,"ironchest:iron_chest":2,"bosses_of_mass_destruction:mob_ward":2,"minecraft:cobbled_deepslate_stairs":1,"minecraft:spruce_log":1,"minecraft:glass":12,"minecraft:oak_log":14,"alexscaves:sea_staff":53,"minecraft:iron_pickaxe":78,"alexscaves:extinction_spear":8,"minecraft:grass_block":72,"alexscaves:submarine":1,"tombstone:magic_scroll":2,"minecraft:cobblestone":7,"minecraft:furnace":1,"minecraft:smithing_table":1,"minecraft:crimson_door":2,"minecraft:andesite":18,"minecraft:birch_log":1,"tombstone:gift":2,"minecraft:egg":10,"minecraft:cooked_beef":6,"minecraft:cobbled_deepslate":32,"minecraft:light_gray_bed":4},"minecraft:mined":{"minecraft:torch":5,"minecraft:grass_block":13,"minecraft:copper_ore":4,"minecraft:diorite":1,"minecraft:deepslate_copper_ore":9,"minecraft:wall_torch":7,"minecraft:large_fern":1,"minecraft:cobbled_deepslate":3,"minecraft:iron_ore":7,"minecraft:spruce_log":1,"minecraft:andesite":1,"minecraft:deepslate_lapis_ore":1,"minecraft:coal_ore":2,"minecraft:deepslate_iron_ore":1,"minecraft:dirt":1,"minecraft:stone":13,"minecraft:deepslate":36},"minecraft:picked_up":{"minecraft:leather_chestplate":2,"minecraft:chicken":2,"minecraft:andesite":1,"minecraft:leather_leggings":2,"minecraft:lead":6,"minecraft:chainmail_chestplate":1,"minecraft:cobbled_deepslate_stairs":1,"minecraft:gunpowder":7,"minecraft:dirt":14,"minecraft:string":1,"minecraft:raw_copper":55,"minecraft:bone":9,"minecraft:wheat_seeds":5,"minecraft:cobbled_deepslate":32,"minecraft:beef":3,"tombstone:bag_of_seeds":2,"spore:mutated_fiber":23,"minecraft:stick":4,"minecraft:egg":3,"minecraft:tipped_arrow":1,"minecraft:raw_iron":12,"apotheosis:gem":2,"spore:cerebrum":3,"minecraft:copper_ingot":4,"minecraft:torch":15,"minecraft:porkchop":7,"tombstone:grave_dust":1,"minecraft:diorite":2,"minecraft:spruce_log":1,"minecraft:arrow":8,"minecraft:rotten_flesh":3,"tacz:modern_kinetic_gun":1,"minecraft:chainmail_leggings":2,"minecraft:chainmail_helmet":1,"spore:spine_fragment":1,"tombstone:magic_scroll":1,"minecraft:mutton":5,"minecraft:coal":2,"minecraft:white_wool":4,"minecraft:cobblestone":7,"minecraft:ender_pearl":1}},"DataVersion":3465}