{"stats":{"minecraft:picked_up":{"minecraft:tipped_arrow":1,"apotheosis:gem":1,"spore:cerebrum":1,"minecraft:chainmail_chestplate":1,"tombstone:grave_dust":1,"minecraft:spruce_log":1,"minecraft:gunpowder":2,"minecraft:dirt":10,"minecraft:bone":1,"minecraft:arrow":3,"tacz:modern_kinetic_gun":1,"minecraft:chainmail_leggings":1,"spore:mutated_fiber":9,"spore:spine_fragment":1,"minecraft:mutton":1,"minecraft:white_wool":1},"minecraft:killed":{"spore:inf_pillager":3,"minecraft:sheep":1,"spore:inf_villager":8,"minecraft:skeleton":7,"minecraft:wolf":2,"minecraft:zombie":3,"spore:inf_human":14,"minecraft:pig":2,"spore:inf_player":1,"spore:inf_wanderer":1,"minecraft:chicken":5,"minecraft:stray":1,"minecraft:spider":3,"spore:inf_drowned":1,"minecraft:creeper":7,"minecraft:enderman":1},"minecraft:custom":{"minecraft:time_since_rest":41423,"minecraft:sprint_one_cm":85028,"minecraft:damage_absorbed":8,"minecraft:damage_taken":451,"minecraft:walk_one_cm":118835,"minecraft:mob_kills":60,"minecraft:drop":2,"minecraft:damage_dealt":40,"minecraft:swim_one_cm":5601,"minecraft:fly_one_cm":261711,"minecraft:crouch_one_cm":766,"minecraft:play_time":41423,"tombstone:undead_killed":13,"minecraft:sneak_time":322,"minecraft:walk_under_water_one_cm":608,"minecraft:jump":470,"minecraft:damage_dealt_resisted":0,"minecraft:time_since_death":41423,"minecraft:walk_on_water_one_cm":1613,"minecraft:total_world_time":41423,"minecraft:fall_one_cm":12393},"minecraft:used":{"minecraft:grass_block":1,"minecraft:white_wool":1,"minecraft:golden_apple":1,"minecraft:dirt":10,"bosses_of_mass_destruction:mob_ward":2,"minecraft:cooked_beef":6,"minecraft:spruce_log":1},"minecraft:dropped":{"minecraft:mutton":1,"tacz:modern_kinetic_gun":1},"minecraft:mined":{"minecraft:large_fern":1,"minecraft:spruce_log":1,"minecraft:grass_block":9,"minecraft:dirt":1}},"DataVersion":3465}