{"stats":{"minecraft:killed":{"minecraft:wolf":3,"minecraft:husk":1,"minecraft:pig":11,"spore:inf_player":2,"alexscaves:deep_one_knight":2,"spore:inf_wanderer":2,"minecraft:salmon":6,"minecraft:vindicator":1,"minecraft:spider":6,"spore:inf_drowned":1,"alexscaves:deep_one":2,"minecraft:creeper":11,"alexscaves:gossamer_worm":1,"spore:inf_pillager":6,"spore:inf_villager":14,"minecraft:sheep":12,"minecraft:horse":1,"minecraft:skeleton":10,"minecraft:trader_llama":1,"minecraft:zombie":6,"spore:inf_human":25,"minecraft:bee":2,"minecraft:chicken":10,"minecraft:stray":2,"minecraft:enderman":2,"minecraft:cow":2},"minecraft:dropped":{"minecraft:chicken":2,"minecraft:mutton":1,"tacz:modern_kinetic_gun":1},"minecraft:custom":{"minecraft:interact_with_smithing_table":1,"minecraft:interact_with_furnace":2,"minecraft:mob_kills":142,"tombstone:raider_killed":1,"minecraft:damage_dealt_resisted":0,"minecraft:leave_game":10,"minecraft:time_since_death":230024,"minecraft:sleep_in_bed":2,"minecraft:time_since_rest":13518,"minecraft:sprint_one_cm":227044,"minecraft:walk_one_cm":406867,"minecraft:damage_taken":514,"minecraft:damage_absorbed":8,"minecraft:trigger_trapped_chest":1,"minecraft:drop":4,"minecraft:damage_dealt":1310,"minecraft:swim_one_cm":29782,"minecraft:talked_to_villager":4,"minecraft:fly_one_cm":1120949,"minecraft:open_chest":26,"minecraft:crouch_one_cm":6156,"minecraft:play_time":230024,"tombstone:undead_killed":23,"minecraft:sneak_time":2456,"minecraft:walk_under_water_one_cm":15093,"minecraft:aviate_one_cm":160485,"minecraft:jump":1747,"minecraft:interact_with_blast_furnace":2,"minecraft:walk_on_water_one_cm":10050,"minecraft:total_world_time":230024,"minecraft:fall_one_cm":30732},"minecraft:used":{"alexscaves:magic_conch":1,"minecraft:cooked_mutton":5,"minecraft:spruce_door":2,"minecraft:oak_planks":221,"minecraft:stone":4,"minecraft:iron_sword":11,"alexscaves:gossamer_worm_bucket":1,"minecraft:white_wool":18,"minecraft:torch":25,"minecraft:golden_apple":1,"minecraft:dirt":13,"minecraft:crafting_table":1,"minecraft:blast_furnace":1,"ironchest:iron_chest":2,"bosses_of_mass_destruction:mob_ward":2,"minecraft:spruce_log":1,"minecraft:glass":12,"minecraft:oak_log":14,"alexscaves:sea_staff":53,"minecraft:grass_block":72,"alexscaves:extinction_spear":8,"alexscaves:submarine":1,"tombstone:magic_scroll":2,"minecraft:furnace":1,"minecraft:smithing_table":1,"minecraft:crimson_door":2,"minecraft:andesite":17,"minecraft:birch_log":1,"tombstone:gift":2,"minecraft:egg":8,"minecraft:cooked_beef":6,"minecraft:light_gray_bed":4},"minecraft:mined":{"minecraft:torch":3,"minecraft:grass_block":12,"minecraft:wall_torch":6,"minecraft:large_fern":1,"minecraft:spruce_log":1,"minecraft:dirt":1},"minecraft:picked_up":{"minecraft:leather_chestplate":1,"minecraft:chicken":2,"minecraft:leather_leggings":2,"minecraft:lead":6,"minecraft:chainmail_chestplate":1,"minecraft:gunpowder":5,"minecraft:dirt":13,"minecraft:string":1,"minecraft:bone":1,"minecraft:wheat_seeds":5,"minecraft:beef":3,"spore:mutated_fiber":20,"minecraft:egg":1,"minecraft:tipped_arrow":1,"spore:cerebrum":2,"apotheosis:gem":1,"minecraft:copper_ingot":4,"minecraft:torch":11,"minecraft:porkchop":7,"tombstone:grave_dust":1,"minecraft:spruce_log":1,"minecraft:arrow":3,"minecraft:rotten_flesh":3,"tacz:modern_kinetic_gun":1,"minecraft:chainmail_leggings":2,"minecraft:chainmail_helmet":1,"spore:spine_fragment":1,"tombstone:magic_scroll":1,"minecraft:mutton":5,"minecraft:white_wool":4}},"DataVersion":3465}