{"stats":{"minecraft:picked_up":{"spore:cerebrum":1,"minecraft:chainmail_chestplate":1,"spore:mutated_fiber":5,"minecraft:gunpowder":2,"minecraft:spruce_log":1,"minecraft:mutton":1,"minecraft:white_wool":1,"minecraft:dirt":10,"apotheosis:gem":1},"minecraft:killed":{"spore:inf_pillager":2,"minecraft:spider":2,"minecraft:skeleton":3,"minecraft:zombie":2,"spore:inf_human":7,"minecraft:pig":2,"spore:inf_player":1,"spore:inf_wanderer":1,"minecraft:creeper":4,"spore:inf_villager":3},"minecraft:custom":{"minecraft:time_since_rest":17423,"minecraft:crouch_one_cm":698,"minecraft:play_time":17423,"minecraft:sprint_one_cm":28620,"minecraft:damage_taken":329,"tombstone:undead_killed":6,"minecraft:walk_one_cm":55606,"minecraft:sneak_time":257,"minecraft:mob_kills":27,"minecraft:drop":1,"minecraft:jump":192,"minecraft:damage_dealt":40,"minecraft:walk_on_water_one_cm":292,"minecraft:time_since_death":17423,"minecraft:total_world_time":17423,"minecraft:fall_one_cm":5837,"minecraft:fly_one_cm":95091},"minecraft:used":{"minecraft:white_wool":1,"minecraft:dirt":10,"minecraft:grass_block":1,"minecraft:cooked_beef":3,"minecraft:spruce_log":1},"minecraft:dropped":{"minecraft:mutton":1},"minecraft:mined":{"minecraft:large_fern":1,"minecraft:grass_block":9,"minecraft:dirt":1,"minecraft:spruce_log":1}},"DataVersion":3465}