{"stats":{"minecraft:killed_by":{"minecraft:player":1,"spore:inf_wanderer":1,"spore:inf_player":1},"minecraft:crafted":{"minecraft:cherry_planks":8,"minecraft:oak_planks":52,"minecraft:diamond_shovel":1,"minecraft:diamond_leggings":1,"minecraft:stick":4},"minecraft:killed":{"spore:inf_hazmat":3,"minecraft:cave_spider":26,"minecraft:witch":2,"minecraft:vindicator":1,"minecraft:spider":15,"alexscaves:deep_one":2,"minecraft:phantom":10,"minecraft:horse":1,"minecraft:skeleton":24,"minecraft:bee":3,"minecraft:chicken":10,"bosses_of_mass_destruction:lich":1,"minecraft:skeleton_horse":1,"minecraft:wolf":3,"minecraft:piglin":1,"minecraft:husk":1,"minecraft:pig":11,"spore:inf_player":7,"alexscaves:deep_one_knight":2,"spore:inf_wanderer":5,"minecraft:salmon":6,"spore:inf_drowned":1,"minecraft:creeper":26,"alexscaves:gossamer_worm":1,"spore:inf_pillager":12,"minecraft:sheep":12,"spore:inf_villager":16,"minecraft:trader_llama":1,"minecraft:zombie":29,"spore:inf_human":37,"minecraft:stray":3,"spore:inf_witch":4,"minecraft:cow":6,"minecraft:enderman":3,"minecraft:blaze":1},"minecraft:dropped":{"minecraft:cooked_beef":19,"minecraft:diamond_leggings":2,"minecraft:iron_helmet":1,"travelersbackpack:standard":1,"minecraft:item_frame":1,"tombstone:bag_of_seeds":2,"minecraft:torch":1,"minecraft:mutton":1,"tombstone:grave_dust":4,"minecraft:iron_leggings":1,"tacz:modern_kinetic_gun":2,"minecraft:phantom_membrane":4,"minecraft:iron_pickaxe":4,"minecraft:paper":4,"minecraft:string":1,"minecraft:bone":5,"alexscaves:cave_tablet":2,"minecraft:chicken":2,"minecraft:rotten_flesh":2,"minecraft:iron_boots":1,"minecraft:diamond_shovel":1,"minecraft:cooked_mutton":30,"patchouli:guide_book":1,"minecraft:stone_brick_wall":12,"minecraft:spider_eye":3,"minecraft:stone_bricks":9,"tacz:ammo":455,"minecraft:arrow":5},"minecraft:custom":{"minecraft:interact_with_smithing_table":2,"minecraft:mob_kills":289,"minecraft:interact_with_crafting_table":2,"minecraft:open_barrel":2,"minecraft:bell_ring":4,"minecraft:damage_dealt_resisted":0,"minecraft:leave_game":13,"minecraft:time_since_death":76249,"minecraft:climb_one_cm":1759,"minecraft:damage_resisted":0,"minecraft:sprint_one_cm":809888,"minecraft:walk_one_cm":1417626,"minecraft:drop":72,"minecraft:talked_to_villager":6,"minecraft:play_time":558526,"minecraft:sneak_time":11505,"minecraft:deaths":5,"minecraft:walk_under_water_one_cm":35635,"minecraft:jump":6811,"minecraft:interact_with_blast_furnace":2,"minecraft:walk_on_water_one_cm":64575,"minecraft:total_world_time":558526,"minecraft:interact_with_furnace":11,"tombstone:raider_killed":13,"minecraft:traded_with_villager":1,"minecraft:interact_with_loom":19,"minecraft:sleep_in_bed":9,"minecraft:time_since_rest":76025,"minecraft:damage_taken":7335,"minecraft:damage_absorbed":8,"minecraft:trigger_trapped_chest":7,"minecraft:damage_dealt":9581,"minecraft:swim_one_cm":94888,"minecraft:fly_one_cm":2270089,"minecraft:player_kills":2,"minecraft:open_chest":101,"minecraft:crouch_one_cm":28897,"tombstone:undead_killed":74,"minecraft:aviate_one_cm":160485,"minecraft:fall_one_cm":157210,"minecraft:horse_one_cm":614152},"minecraft:used":{"alexscaves:magic_conch":1,"spore:cdu":1,"minecraft:flint_and_steel":22,"minecraft:polished_basalt":10,"minecraft:iron_sword":247,"minecraft:stone":18,"minecraft:cooked_chicken":3,"minecraft:torch":42,"minecraft:dirt":50,"ironchest:iron_chest":2,"bosses_of_mass_destruction:mob_ward":2,"minecraft:tuff":1,"minecraft:snowball":2,"minecraft:obsidian":7,"minecraft:glass":12,"alexscaves:sea_staff":53,"minecraft:iron_axe":100,"alexscaves:submarine":1,"minecraft:grass_block":72,"minecraft:stone_bricks":3,"minecraft:furnace":1,"tombstone:gift":11,"minecraft:egg":10,"minecraft:cooked_beef":41,"minecraft:cobbled_deepslate":55,"minecraft:cherry_log":4,"minecraft:light_gray_bed":4,"minecraft:cooked_mutton":49,"minecraft:diorite":2,"minecraft:spruce_door":2,"minecraft:oak_planks":288,"minecraft:ender_pearl":1,"alexscaves:gossamer_worm_bucket":1,"minecraft:white_wool":18,"minecraft:golden_apple":1,"minecraft:tnt":5,"minecraft:crafting_table":1,"minecraft:blast_furnace":1,"minecraft:spider_eye":1,"bosses_of_mass_destruction:soul_star":14,"minecraft:cobbled_deepslate_stairs":1,"minecraft:spruce_log":1,"minecraft:oak_log":14,"minecraft:diamond_shovel":292,"minecraft:iron_pickaxe":575,"alexscaves:extinction_spear":8,"minecraft:cyan_carpet":3,"tombstone:magic_scroll":2,"tombstone:grave_key":1,"minecraft:cobblestone":30,"travelersbackpack:standard":11,"minecraft:smithing_table":1,"minecraft:crimson_door":2,"minecraft:andesite":18,"minecraft:birch_log":1},"minecraft:mined":{"alexscaves:spelunkery_table":1,"minecraft:tuff":27,"minecraft:spruce_planks":1,"minecraft:deepslate_diamond_ore":15,"minecraft:cherry_log":71,"minecraft:grass_block":310,"minecraft:stone_brick_wall":27,"minecraft:spruce_leaves":1,"minecraft:large_fern":5,"minecraft:polished_basalt":7,"minecraft:iron_ore":7,"minecraft:cobbled_deepslate":3,"spore:cdu":1,"minecraft:andesite":1,"minecraft:deepslate_lapis_ore":5,"minecraft:bookshelf":8,"minecraft:deepslate_iron_ore":1,"minecraft:packed_ice":17,"minecraft:stone":56,"spore:lab_block":1,"minecraft:deepslate_redstone_ore":8,"minecraft:potted_lily_of_the_valley":1,"minecraft:torch":8,"minecraft:tall_grass":6,"minecraft:copper_ore":4,"minecraft:deepslate_gold_ore":13,"minecraft:oak_planks":15,"minecraft:diorite":1,"minecraft:wall_torch":7,"minecraft:deepslate_copper_ore":9,"minecraft:pink_petals":7,"minecraft:ice":147,"minecraft:spruce_log":1,"minecraft:birch_leaves":5,"minecraft:tnt":6,"minecraft:grass":11,"minecraft:coal_ore":2,"minecraft:cherry_leaves":1,"minecraft:cyan_carpet":3,"minecraft:dirt":6,"minecraft:cracked_stone_bricks":3,"minecraft:stone_bricks":11,"minecraft:oak_leaves":12,"minecraft:deepslate":213},"minecraft:picked_up":{"spore:mutated_heart":2,"minecraft:chicken":2,"minecraft:flower_pot":1,"minecraft:turtle_helmet":1,"minecraft:leather_leggings":2,"minecraft:lead":6,"alexscaves:cave_tablet":2,"minecraft:stone_brick_wall":12,"minecraft:potion":1,"minecraft:enchanted_book":6,"minecraft:stone_brick_stairs":3,"minecraft:shield":1,"minecraft:string":24,"minecraft:iron_axe":1,"minecraft:raw_copper":55,"minecraft:iron_leggings":1,"tacz:ammo":60,"minecraft:item_frame":1,"minecraft:iron_shovel":1,"minecraft:cyan_carpet":3,"minecraft:cracked_stone_bricks":1,"minecraft:diamond_leggings":1,"minecraft:cobbled_deepslate":260,"bosses_of_mass_destruction:soul_star":14,"minecraft:beef":5,"minecraft:iron_pickaxe":4,"minecraft:phantom_membrane":4,"minecraft:egg":3,"minecraft:tipped_arrow":1,"minecraft:stick":15,"minecraft:raw_iron":12,"apotheosis:gem":18,"minecraft:copper_ingot":4,"minecraft:torch":51,"minecraft:porkchop":7,"minecraft:cherry_log":70,"minecraft:pointed_dripstone":3,"tombstone:grave_dust":7,"minecraft:diorite":2,"minecraft:redstone":2,"minecraft:tnt":6,"minecraft:arrow":13,"minecraft:rotten_flesh":30,"minecraft:polished_basalt":10,"alexscaves:spelunkery_table":2,"bosses_of_mass_destruction:ancient_anima":2,"minecraft:mutton":5,"minecraft:snowball":2,"minecraft:white_wool":4,"minecraft:cobblestone":46,"spore:cdu":1,"minecraft:pink_petals":1435,"minecraft:leather_chestplate":2,"minecraft:andesite":1,"minecraft:potato":1,"minecraft:tuff":24,"minecraft:chainmail_chestplate":1,"minecraft:cobbled_deepslate_stairs":1,"minecraft:gunpowder":11,"minecraft:lapis_lazuli":232,"minecraft:dirt":342,"minecraft:paper":4,"tombstone:gift":2,"minecraft:bone":15,"minecraft:stone_bricks":12,"minecraft:bow":2,"minecraft:wheat_seeds":51,"minecraft:raw_gold":61,"spore:mutated_fiber":39,"tombstone:bag_of_seeds":2,"minecraft:oak_planks":15,"minecraft:book":33,"spore:cerebrum":4,"minecraft:spruce_log":1,"minecraft:lily_of_the_valley":1,"minecraft:trapped_chest":1,"minecraft:spider_eye":12,"minecraft:bundle":1,"minecraft:diamond_shovel":1,"minecraft:diamond":53,"tacz:modern_kinetic_gun":2,"minecraft:chainmail_leggings":2,"minecraft:cherry_sapling":18,"minecraft:chainmail_helmet":1,"spore:spine_fragment":1,"tombstone:magic_scroll":1,"minecraft:coal":2,"minecraft:ender_pearl":1}},"DataVersion":3465}