{"stats":{"minecraft:killed_by":{"minecraft:player":1,"spore:inf_player":1},"minecraft:crafted":{"minecraft:oak_planks":12},"minecraft:killed":{"minecraft:cave_spider":26,"minecraft:witch":1,"minecraft:spider":11,"minecraft:vindicator":1,"alexscaves:deep_one":2,"minecraft:horse":1,"minecraft:skeleton":12,"minecraft:bee":2,"minecraft:chicken":10,"minecraft:wolf":3,"minecraft:husk":1,"minecraft:pig":11,"spore:inf_player":2,"alexscaves:deep_one_knight":2,"spore:inf_wanderer":2,"minecraft:salmon":6,"spore:inf_drowned":1,"minecraft:creeper":19,"alexscaves:gossamer_worm":1,"spore:inf_pillager":9,"minecraft:sheep":12,"spore:inf_villager":15,"minecraft:trader_llama":1,"minecraft:zombie":11,"spore:inf_human":27,"minecraft:stray":2,"spore:inf_witch":2,"minecraft:cow":4,"minecraft:enderman":3},"minecraft:dropped":{"travelersbackpack:standard":1,"tombstone:bag_of_seeds":2,"minecraft:torch":1,"minecraft:mutton":1,"tombstone:grave_dust":4,"tacz:modern_kinetic_gun":1,"minecraft:paper":4,"minecraft:bone":2,"alexscaves:cave_tablet":2,"minecraft:chicken":2,"minecraft:cooked_mutton":29,"minecraft:spider_eye":3,"tacz:ammo":140,"minecraft:arrow":5},"minecraft:custom":{"minecraft:interact_with_smithing_table":1,"minecraft:mob_kills":200,"minecraft:open_barrel":2,"minecraft:damage_dealt_resisted":0,"minecraft:leave_game":11,"minecraft:time_since_death":12161,"minecraft:climb_one_cm":1447,"minecraft:damage_resisted":0,"minecraft:sprint_one_cm":333895,"minecraft:walk_one_cm":691368,"minecraft:drop":24,"minecraft:talked_to_villager":4,"minecraft:play_time":325903,"minecraft:deaths":2,"minecraft:sneak_time":6388,"minecraft:walk_under_water_one_cm":27544,"minecraft:jump":2799,"minecraft:interact_with_blast_furnace":2,"minecraft:walk_on_water_one_cm":32901,"minecraft:total_world_time":325903,"minecraft:interact_with_furnace":3,"tombstone:raider_killed":2,"minecraft:interact_with_loom":19,"minecraft:sleep_in_bed":3,"minecraft:time_since_rest":10588,"minecraft:damage_taken":2363,"minecraft:damage_absorbed":8,"minecraft:trigger_trapped_chest":1,"minecraft:damage_dealt":4898,"minecraft:swim_one_cm":52064,"minecraft:fly_one_cm":1295027,"minecraft:player_kills":1,"minecraft:open_chest":36,"minecraft:crouch_one_cm":13745,"tombstone:undead_killed":30,"minecraft:aviate_one_cm":160485,"minecraft:fall_one_cm":60434},"minecraft:used":{"alexscaves:magic_conch":1,"minecraft:stone":4,"minecraft:iron_sword":97,"minecraft:torch":38,"minecraft:dirt":14,"ironchest:iron_chest":2,"bosses_of_mass_destruction:mob_ward":2,"minecraft:tuff":1,"minecraft:glass":12,"alexscaves:sea_staff":53,"minecraft:grass_block":72,"alexscaves:submarine":1,"minecraft:furnace":1,"tombstone:gift":8,"minecraft:egg":10,"minecraft:cooked_beef":6,"minecraft:cobbled_deepslate":37,"minecraft:light_gray_bed":4,"minecraft:cooked_mutton":25,"minecraft:diorite":2,"minecraft:spruce_door":2,"minecraft:oak_planks":233,"minecraft:ender_pearl":1,"alexscaves:gossamer_worm_bucket":1,"minecraft:white_wool":18,"minecraft:golden_apple":1,"minecraft:crafting_table":1,"minecraft:blast_furnace":1,"minecraft:spider_eye":1,"minecraft:cobbled_deepslate_stairs":1,"minecraft:spruce_log":1,"minecraft:oak_log":14,"minecraft:iron_pickaxe":266,"alexscaves:extinction_spear":8,"tombstone:magic_scroll":2,"minecraft:cobblestone":7,"minecraft:smithing_table":1,"minecraft:birch_log":1,"minecraft:crimson_door":2,"minecraft:andesite":18},"minecraft:mined":{"alexscaves:spelunkery_table":1,"minecraft:tuff":27,"minecraft:deepslate_diamond_ore":11,"minecraft:grass_block":13,"minecraft:large_fern":1,"minecraft:iron_ore":7,"minecraft:cobbled_deepslate":3,"minecraft:andesite":1,"minecraft:deepslate_lapis_ore":5,"minecraft:deepslate_iron_ore":1,"minecraft:stone":13,"minecraft:torch":7,"minecraft:copper_ore":4,"minecraft:diorite":1,"minecraft:wall_torch":7,"minecraft:deepslate_copper_ore":9,"minecraft:spruce_log":1,"minecraft:coal_ore":2,"minecraft:dirt":1,"minecraft:deepslate":181},"minecraft:picked_up":{"minecraft:chicken":2,"minecraft:leather_leggings":2,"minecraft:lead":6,"alexscaves:cave_tablet":2,"minecraft:string":21,"minecraft:raw_copper":55,"tacz:ammo":60,"minecraft:iron_shovel":1,"minecraft:cobbled_deepslate":170,"minecraft:beef":3,"minecraft:egg":3,"minecraft:raw_iron":12,"minecraft:tipped_arrow":1,"minecraft:stick":4,"apotheosis:gem":4,"minecraft:copper_ingot":4,"minecraft:torch":43,"minecraft:porkchop":7,"tombstone:grave_dust":3,"minecraft:pointed_dripstone":3,"minecraft:diorite":2,"minecraft:redstone":2,"minecraft:arrow":8,"minecraft:rotten_flesh":9,"alexscaves:spelunkery_table":2,"minecraft:mutton":5,"minecraft:white_wool":4,"minecraft:cobblestone":7,"minecraft:leather_chestplate":2,"minecraft:andesite":1,"minecraft:tuff":24,"minecraft:chainmail_chestplate":1,"minecraft:cobbled_deepslate_stairs":1,"minecraft:gunpowder":9,"minecraft:lapis_lazuli":232,"minecraft:dirt":14,"minecraft:paper":4,"tombstone:gift":1,"minecraft:bone":9,"minecraft:wheat_seeds":5,"tombstone:bag_of_seeds":2,"spore:mutated_fiber":23,"spore:cerebrum":3,"minecraft:spruce_log":1,"minecraft:spider_eye":11,"minecraft:diamond":30,"tacz:modern_kinetic_gun":1,"minecraft:chainmail_leggings":2,"minecraft:chainmail_helmet":1,"spore:spine_fragment":1,"tombstone:magic_scroll":1,"minecraft:coal":2,"minecraft:ender_pearl":1}},"DataVersion":3465}