{"stats":{"minecraft:picked_up":{"minecraft:tipped_arrow":1,"apotheosis:gem":1,"spore:cerebrum":2,"minecraft:copper_ingot":4,"minecraft:chainmail_chestplate":1,"tombstone:grave_dust":1,"minecraft:spruce_log":1,"minecraft:gunpowder":2,"minecraft:dirt":10,"minecraft:bone":1,"minecraft:arrow":3,"tacz:modern_kinetic_gun":1,"minecraft:chainmail_leggings":1,"spore:mutated_fiber":14,"spore:spine_fragment":1,"minecraft:mutton":2,"minecraft:white_wool":2},"minecraft:killed":{"spore:inf_pillager":3,"minecraft:sheep":4,"spore:inf_villager":11,"minecraft:skeleton":8,"minecraft:wolf":2,"minecraft:zombie":4,"spore:inf_human":17,"minecraft:pig":2,"spore:inf_player":1,"alexscaves:deep_one_knight":2,"spore:inf_wanderer":1,"minecraft:chicken":5,"minecraft:stray":1,"minecraft:salmon":6,"minecraft:spider":3,"spore:inf_drowned":1,"alexscaves:deep_one":2,"minecraft:creeper":8,"minecraft:enderman":1,"alexscaves:gossamer_worm":1},"minecraft:custom":{"minecraft:time_since_rest":59760,"minecraft:sprint_one_cm":105635,"minecraft:damage_absorbed":8,"minecraft:damage_taken":451,"minecraft:walk_one_cm":147501,"minecraft:trigger_trapped_chest":1,"minecraft:mob_kills":83,"minecraft:drop":2,"minecraft:damage_dealt":604,"minecraft:swim_one_cm":7069,"minecraft:fly_one_cm":440481,"minecraft:crouch_one_cm":1075,"minecraft:play_time":59760,"tombstone:undead_killed":16,"minecraft:sneak_time":568,"minecraft:walk_under_water_one_cm":2576,"minecraft:aviate_one_cm":149402,"minecraft:jump":592,"minecraft:damage_dealt_resisted":0,"minecraft:leave_game":1,"minecraft:time_since_death":59760,"minecraft:walk_on_water_one_cm":2468,"minecraft:total_world_time":59760,"minecraft:fall_one_cm":12393},"minecraft:used":{"alexscaves:sea_staff":53,"minecraft:grass_block":1,"alexscaves:extinction_spear":8,"alexscaves:submarine":1,"alexscaves:gossamer_worm_bucket":1,"minecraft:white_wool":18,"minecraft:golden_apple":1,"minecraft:dirt":10,"bosses_of_mass_destruction:mob_ward":2,"minecraft:cooked_beef":6,"minecraft:spruce_log":1,"alexscaves:magic_conch":1},"minecraft:dropped":{"minecraft:mutton":1,"tacz:modern_kinetic_gun":1},"minecraft:mined":{"minecraft:large_fern":1,"minecraft:spruce_log":1,"minecraft:grass_block":9,"minecraft:dirt":1}},"DataVersion":3465}