{"stats":{"minecraft:killed":{"minecraft:wolf":2,"minecraft:pig":6,"spore:inf_player":2,"alexscaves:deep_one_knight":2,"spore:inf_wanderer":2,"minecraft:salmon":6,"minecraft:vindicator":1,"minecraft:spider":5,"spore:inf_drowned":1,"alexscaves:deep_one":2,"minecraft:creeper":8,"alexscaves:gossamer_worm":1,"spore:inf_pillager":6,"minecraft:skeleton":9,"minecraft:sheep":8,"minecraft:horse":1,"spore:inf_villager":12,"minecraft:trader_llama":1,"minecraft:zombie":5,"spore:inf_human":22,"minecraft:chicken":9,"minecraft:stray":2,"minecraft:enderman":2},"minecraft:dropped":{"minecraft:mutton":1,"tacz:modern_kinetic_gun":1},"minecraft:custom":{"minecraft:mob_kills":115,"tombstone:raider_killed":1,"minecraft:damage_dealt_resisted":0,"minecraft:leave_game":6,"minecraft:time_since_death":134876,"minecraft:time_since_rest":134876,"minecraft:sprint_one_cm":142561,"minecraft:walk_one_cm":233620,"minecraft:damage_taken":451,"minecraft:damage_absorbed":8,"minecraft:trigger_trapped_chest":1,"minecraft:drop":2,"minecraft:damage_dealt":746,"minecraft:swim_one_cm":9701,"minecraft:talked_to_villager":4,"minecraft:fly_one_cm":789922,"minecraft:crouch_one_cm":2465,"minecraft:play_time":134876,"tombstone:undead_killed":19,"minecraft:sneak_time":1082,"minecraft:walk_under_water_one_cm":3187,"minecraft:aviate_one_cm":160485,"minecraft:jump":884,"minecraft:walk_on_water_one_cm":4007,"minecraft:total_world_time":134876,"minecraft:fall_one_cm":12393},"minecraft:used":{"alexscaves:magic_conch":1,"minecraft:stone":1,"alexscaves:gossamer_worm_bucket":1,"minecraft:white_wool":18,"minecraft:torch":5,"minecraft:golden_apple":1,"minecraft:dirt":10,"bosses_of_mass_destruction:mob_ward":2,"minecraft:spruce_log":1,"alexscaves:sea_staff":53,"minecraft:grass_block":1,"alexscaves:submarine":1,"alexscaves:extinction_spear":8,"tombstone:magic_scroll":2,"tombstone:gift":2,"minecraft:egg":8,"minecraft:cooked_beef":6},"minecraft:mined":{"minecraft:grass_block":9,"minecraft:large_fern":1,"minecraft:spruce_log":1,"minecraft:dirt":1},"minecraft:picked_up":{"minecraft:leather_chestplate":1,"minecraft:leather_leggings":1,"minecraft:lead":6,"minecraft:chainmail_chestplate":1,"minecraft:gunpowder":2,"minecraft:string":1,"minecraft:dirt":10,"minecraft:bone":1,"spore:mutated_fiber":14,"minecraft:egg":1,"minecraft:tipped_arrow":1,"spore:cerebrum":2,"apotheosis:gem":1,"minecraft:copper_ingot":4,"minecraft:porkchop":7,"tombstone:grave_dust":1,"minecraft:spruce_log":1,"minecraft:arrow":3,"minecraft:rotten_flesh":1,"tacz:modern_kinetic_gun":1,"minecraft:chainmail_leggings":2,"minecraft:chainmail_helmet":1,"spore:spine_fragment":1,"tombstone:magic_scroll":1,"minecraft:mutton":5,"minecraft:white_wool":4}},"DataVersion":3465}