{"stats":{"minecraft:killed":{"minecraft:wolf":3,"minecraft:pig":11,"spore:inf_player":2,"alexscaves:deep_one_knight":2,"spore:inf_wanderer":2,"minecraft:salmon":6,"minecraft:vindicator":1,"minecraft:spider":5,"spore:inf_drowned":1,"alexscaves:deep_one":2,"minecraft:creeper":10,"alexscaves:gossamer_worm":1,"spore:inf_pillager":6,"minecraft:skeleton":9,"minecraft:sheep":11,"minecraft:horse":1,"spore:inf_villager":14,"minecraft:trader_llama":1,"minecraft:zombie":5,"spore:inf_human":24,"minecraft:chicken":9,"minecraft:stray":2,"minecraft:enderman":2,"minecraft:cow":2},"minecraft:dropped":{"minecraft:mutton":1,"tacz:modern_kinetic_gun":1},"minecraft:custom":{"minecraft:mob_kills":132,"tombstone:raider_killed":1,"minecraft:damage_dealt_resisted":0,"minecraft:leave_game":8,"minecraft:time_since_death":186223,"minecraft:sleep_in_bed":1,"minecraft:time_since_rest":1036,"minecraft:sprint_one_cm":170910,"minecraft:walk_one_cm":305108,"minecraft:damage_taken":474,"minecraft:damage_absorbed":8,"minecraft:trigger_trapped_chest":1,"minecraft:drop":2,"minecraft:damage_dealt":1017,"minecraft:swim_one_cm":9701,"minecraft:talked_to_villager":4,"minecraft:fly_one_cm":915602,"minecraft:open_chest":5,"minecraft:crouch_one_cm":2738,"minecraft:play_time":186223,"tombstone:undead_killed":19,"minecraft:sneak_time":1249,"minecraft:walk_under_water_one_cm":3187,"minecraft:aviate_one_cm":160485,"minecraft:jump":1182,"minecraft:walk_on_water_one_cm":4171,"minecraft:total_world_time":186223,"minecraft:fall_one_cm":15377},"minecraft:used":{"alexscaves:magic_conch":1,"minecraft:cooked_mutton":1,"minecraft:spruce_door":2,"minecraft:oak_planks":103,"minecraft:stone":4,"minecraft:iron_sword":5,"alexscaves:gossamer_worm_bucket":1,"minecraft:white_wool":18,"minecraft:torch":11,"minecraft:golden_apple":1,"minecraft:dirt":11,"ironchest:iron_chest":2,"bosses_of_mass_destruction:mob_ward":2,"minecraft:spruce_log":1,"minecraft:oak_log":14,"alexscaves:sea_staff":53,"minecraft:grass_block":22,"alexscaves:submarine":1,"alexscaves:extinction_spear":8,"tombstone:magic_scroll":2,"minecraft:crimson_door":2,"minecraft:birch_log":1,"tombstone:gift":2,"minecraft:egg":8,"minecraft:cooked_beef":6,"minecraft:light_gray_bed":2},"minecraft:mined":{"minecraft:grass_block":10,"minecraft:wall_torch":3,"minecraft:large_fern":1,"minecraft:spruce_log":1,"minecraft:dirt":1},"minecraft:picked_up":{"minecraft:leather_chestplate":1,"minecraft:leather_leggings":1,"minecraft:lead":6,"minecraft:chainmail_chestplate":1,"minecraft:gunpowder":4,"minecraft:dirt":11,"minecraft:string":1,"minecraft:bone":1,"minecraft:beef":3,"spore:mutated_fiber":18,"minecraft:egg":1,"minecraft:tipped_arrow":1,"spore:cerebrum":2,"apotheosis:gem":1,"minecraft:copper_ingot":4,"minecraft:torch":3,"minecraft:porkchop":7,"tombstone:grave_dust":1,"minecraft:spruce_log":1,"minecraft:arrow":3,"minecraft:rotten_flesh":1,"tacz:modern_kinetic_gun":1,"minecraft:chainmail_leggings":2,"minecraft:chainmail_helmet":1,"spore:spine_fragment":1,"tombstone:magic_scroll":1,"minecraft:mutton":5,"minecraft:white_wool":4}},"DataVersion":3465}