{"stats":{"minecraft:broken":{"minecraft:iron_helmet":1},"minecraft:killed_by":{"spore:inf_player":1,"minecraft:player":2,"spore:inf_wanderer":1},"minecraft:picked_up":{"irons_spellbooks:scroll":4,"spore:mutated_heart":4,"minecraft:flower_pot":1,"minecraft:lead":12,"minecraft:diamond_sword":1,"alexscaves:cave_tablet":57,"minecraft:potion":1,"minecraft:enchanted_book":9,"minecraft:stone_brick_stairs":3,"minecraft:golden_sword":1,"minecraft:polished_blackstone_brick_stairs":8,"minecraft:string":24,"minecraft:raw_copper":238,"irons_spellbooks:graybeard_staff":2,"minecraft:iron_leggings":1,"irons_spellbooks:arcane_essence":11,"minecraft:diamond_leggings":2,"minecraft:smooth_stone":12,"minecraft:gold_nugget":275,"minecraft:cobbled_deepslate":324,"bosses_of_mass_destruction:soul_star":16,"minecraft:spruce_planks":5,"minecraft:iron_pickaxe":5,"minecraft:coal_block":121,"minecraft:iron_boots":1,"minecraft:tipped_arrow":1,"minecraft:stick":19,"apotheosis:gem":28,"minecraft:torch":57,"minecraft:porkchop":7,"tacz:attachment":1,"minecraft:cherry_log":119,"minecraft:pointed_dripstone":3,"tombstone:grave_dust":8,"minecraft:diorite":13,"minecraft:warped_planks":1,"minecraft:golden_chestplate":1,"minecraft:quartz_block":14,"minecraft:rotten_flesh":38,"minecraft:polished_basalt":10,"minecraft:iron_bars":2,"minecraft:snowball":2,"irons_spellbooks:copper_spell_book":1,"minecraft:cobblestone":182,"minecraft:enchanting_table":1,"minecraft:pink_petals":1656,"minecraft:leather_chestplate":3,"minecraft:magma_cream":7,"minecraft:cooked_beef":1,"minecraft:cherry_planks":2,"minecraft:andesite":1,"minecraft:potato":1,"minecraft:tuff":24,"minecraft:lapis_lazuli":366,"minecraft:dirt":489,"minecraft:bone":21,"minecraft:bow":5,"minecraft:wheat_seeds":51,"minecraft:raw_gold":61,"minecraft:diamond_helmet":1,"minecraft:glowstone_dust":56,"minecraft:oak_planks":55,"spore:cerebrum":13,"minecraft:chiseled_polished_blackstone":3,"patchouli:guide_book":4,"spore:armor_fragment":15,"minecraft:warped_wart_block":2,"minecraft:lily_of_the_valley":1,"minecraft:trapped_chest":1,"minecraft:bundle":2,"minecraft:diamond":116,"minecraft:cracked_polished_blackstone_bricks":150,"minecraft:crossbow":1,"minecraft:emerald":28,"minecraft:chainmail_helmet":1,"spore:spine_fragment":6,"minecraft:netherrack":923,"minecraft:splash_potion":1,"minecraft:chicken":2,"minecraft:leather_leggings":3,"minecraft:turtle_helmet":1,"minecraft:stone_brick_wall":12,"minecraft:gold_block":19,"minecraft:stripped_cherry_log":8,"minecraft:shield":2,"irons_spellbooks:shadowwalker_boots":1,"minecraft:iron_axe":2,"minecraft:item_frame":1,"tacz:ammo":566,"minecraft:iron_shovel":2,"minecraft:blackstone":133,"minecraft:cyan_carpet":3,"minecraft:cracked_stone_bricks":1,"minecraft:beef":5,"minecraft:sugar_cane":30,"tombstone:tablet_of_assistance":2,"minecraft:phantom_membrane":8,"minecraft:egg":3,"minecraft:raw_iron":24,"minecraft:copper_ingot":138,"ironchest:iron_chest":1,"minecraft:polished_blackstone_bricks":289,"minecraft:redstone":2,"minecraft:tnt":6,"minecraft:arrow":18,"minecraft:diamond_boots":2,"alexscaves:spelunkery_table":2,"minecraft:gold_ingot":128,"tombstone:essence_of_undeath":1,"bosses_of_mass_destruction:ancient_anima":2,"minecraft:mutton":5,"minecraft:white_wool":4,"spore:cdu":1,"minecraft:basalt":176,"minecraft:salmon":1,"minecraft:leather":2,"minecraft:chainmail_chestplate":1,"minecraft:golden_boots":1,"minecraft:cobbled_deepslate_stairs":1,"minecraft:gunpowder":180,"minecraft:paper":66,"tombstone:gift":2,"minecraft:cooked_mutton":48,"minecraft:stone_bricks":14,"minecraft:warped_stem":87,"minecraft:iron_ingot":10,"minecraft:cooked_chicken":62,"spore:mutated_fiber":118,"tombstone:bag_of_seeds":2,"irons_spellbooks:cinder_essence":1,"minecraft:book":36,"minecraft:warped_fungus":1,"minecraft:quartz":163,"minecraft:spruce_log":1,"minecraft:spider_eye":12,"minecraft:diamond_shovel":1,"tacz:modern_kinetic_gun":3,"minecraft:chainmail_leggings":2,"minecraft:iron_helmet":4,"minecraft:cherry_sapling":18,"minecraft:warped_roots":6,"tombstone:magic_scroll":1,"minecraft:coal":19,"minecraft:ender_pearl":1},"minecraft:dropped":{"minecraft:lapis_lazuli":64,"minecraft:cooked_beef":19,"minecraft:oak_log":50,"irons_spellbooks:shadowwalker_leggings":1,"irons_spellbooks:shadowwalker_chestplate":1,"tombstone:tablet_of_assistance":3,"travelersbackpack:standard":1,"minecraft:item_frame":1,"minecraft:emerald":64,"minecraft:cracked_polished_blackstone_bricks":3,"tombstone:bag_of_seeds":2,"minecraft:mutton":1,"minecraft:gold_nugget":68,"minecraft:phantom_membrane":4,"minecraft:iron_pickaxe":8,"minecraft:bone":5,"minecraft:blackstone":2,"minecraft:cooked_chicken":120,"alexscaves:cave_tablet":2,"minecraft:rotten_flesh":7,"minecraft:oak_planks":1,"minecraft:diamond_shovel":1,"minecraft:cooked_mutton":30,"patchouli:guide_book":4,"minecraft:stone_brick_wall":12,"irons_spellbooks:netherite_spell_book":1,"minecraft:arrow":5,"minecraft:quartz":15,"minecraft:netherrack":68,"tacz:attachment":1,"minecraft:golden_boots":1,"minecraft:enchanted_book":2,"minecraft:diamond_leggings":2,"minecraft:iron_helmet":4,"minecraft:torch":5,"minecraft:cherry_planks":6,"minecraft:diamond_helmet":1,"tombstone:grave_dust":4,"minecraft:iron_leggings":1,"tacz:modern_kinetic_gun":3,"minecraft:iron_axe":2,"minecraft:paper":4,"minecraft:string":1,"irons_spellbooks:copper_spell_book":1,"irons_spellbooks:shadowwalker_boots":2,"irons_spellbooks:graybeard_staff":3,"minecraft:chicken":2,"minecraft:iron_boots":1,"irons_spellbooks:shadowwalker_helmet":1,"minecraft:diamond_sword":2,"minecraft:bundle":1,"minecraft:iron_chestplate":1,"tacz:ammo":849,"minecraft:stone_bricks":9,"minecraft:spider_eye":3,"minecraft:stripped_cherry_log":7,"minecraft:diamond_boots":1},"minecraft:killed":{"minecraft:cave_spider":26,"spore:inf_hazmat":3,"minecraft:zombified_piglin":14,"minecraft:witch":2,"minecraft:spider":15,"minecraft:skeleton":32,"minecraft:bee":3,"minecraft:chicken":10,"irons_spellbooks:summoned_skeleton":2,"minecraft:skeleton_horse":1,"minecraft:piglin_brute":7,"minecraft:wolf":3,"minecraft:piglin":14,"minecraft:pig":11,"spore:inf_player":8,"alexscaves:deep_one_knight":2,"spore:inf_wanderer":6,"minecraft:salmon":6,"spore:inf_drowned":2,"irons_spellbooks:necromancer":2,"minecraft:strider":1,"minecraft:creeper":31,"alexscaves:gossamer_worm":1,"minecraft:sheep":12,"spore:inf_villager":36,"minecraft:trader_llama":1,"minecraft:pillager":2,"minecraft:zombie":51,"spore:inf_human":76,"minecraft:stray":3,"minecraft:ghast":3,"minecraft:cow":6,"minecraft:blaze":1,"irons_spellbooks:summoned_zombie":2,"minecraft:vindicator":1,"alexscaves:deep_one":2,"minecraft:phantom":10,"minecraft:horse":1,"bosses_of_mass_destruction:lich":1,"minecraft:husk":1,"irons_spellbooks:citadel_keeper":2,"minecraft:hoglin":1,"spore:inf_pillager":47,"spore:inf_witch":5,"minecraft:enderman":3},"minecraft:custom":{"minecraft:interact_with_crafting_table":18,"minecraft:open_barrel":2,"minecraft:bell_ring":4,"minecraft:leave_game":18,"minecraft:time_since_death":10364,"minecraft:damage_resisted":0,"minecraft:sprint_one_cm":1084970,"minecraft:damage_blocked_by_shield":30,"minecraft:drop":157,"minecraft:talked_to_villager":6,"minecraft:play_time":934634,"minecraft:deaths":6,"minecraft:jump":9471,"minecraft:walk_on_water_one_cm":68018,"minecraft:interact_with_furnace":29,"minecraft:traded_with_villager":1,"minecraft:interact_with_loom":19,"minecraft:sleep_in_bed":17,"minecraft:damage_dealt":15158,"minecraft:player_kills":3,"minecraft:crouch_one_cm":102109,"tombstone:undead_killed":126,"minecraft:horse_one_cm":614152,"minecraft:interact_with_smithing_table":2,"minecraft:mob_kills":473,"minecraft:interact_with_anvil":14,"minecraft:damage_dealt_resisted":0,"minecraft:climb_one_cm":1759,"minecraft:walk_one_cm":2494353,"minecraft:sneak_time":29458,"minecraft:walk_under_water_one_cm":38599,"minecraft:interact_with_blast_furnace":2,"minecraft:total_world_time":934634,"tombstone:raider_killed":15,"minecraft:interact_with_stonecutter":13,"minecraft:time_since_rest":10068,"minecraft:damage_taken":10276,"minecraft:damage_absorbed":8,"minecraft:trigger_trapped_chest":8,"tombstone:cast_on_ally":1,"minecraft:swim_one_cm":111899,"minecraft:fly_one_cm":3063523,"minecraft:open_chest":245,"minecraft:aviate_one_cm":166422,"minecraft:fall_one_cm":214544},"minecraft:crafted":{"minecraft:oak_planks":60,"minecraft:diamond_shovel":1,"minecraft:warped_planks":92,"minecraft:diamond_helmet":2,"minecraft:diamond_leggings":1,"minecraft:wooden_shovel":1,"minecraft:diamond_axe":2,"minecraft:copper_ingot":11,"minecraft:stick":12,"minecraft:iron_pickaxe":1,"minecraft:iron_block":4,"minecraft:cherry_planks":20,"irons_spellbooks:graybeard_staff":1,"minecraft:diamond_boots":1,"minecraft:diamond_sword":1,"tacz:gun_smith_table":1,"minecraft:air":0,"minecraft:white_wool":6,"minecraft:anvil":1,"minecraft:white_bed":2,"minecraft:diamond_chestplate":1},"minecraft:used":{"irons_spellbooks:inscription_table":1,"spore:cdu":1,"minecraft:polished_basalt":10,"minecraft:shield":3,"minecraft:iron_sword":273,"minecraft:stone":18,"minecraft:zombie_spawn_egg":10,"tombstone:scroll_of_purification":1,"ironchest:iron_chest":3,"bosses_of_mass_destruction:mob_ward":2,"minecraft:tuff":1,"minecraft:snowball":2,"minecraft:obsidian":7,"minecraft:glass":12,"minecraft:quartz_pillar":1,"minecraft:quartz_slab":6,"minecraft:grass_block":112,"minecraft:quartz_block":99,"minecraft:stone_bricks":3,"minecraft:furnace":1,"minecraft:egg":10,"ironchest:dirt_chest":1,"minecraft:diorite":2,"minecraft:diamond_boots":1,"minecraft:spruce_door":2,"minecraft:oak_planks":296,"minecraft:blackstone":21,"minecraft:ender_pearl":1,"minecraft:diamond_axe":96,"minecraft:golden_apple":1,"minecraft:white_wool":18,"irons_spellbooks:keeper_spawn_egg":2,"minecraft:blast_furnace":1,"minecraft:chiseled_quartz_block":1,"minecraft:cobbled_deepslate_stairs":1,"minecraft:cyan_carpet":3,"tombstone:grave_key":1,"minecraft:diamond_sword":71,"minecraft:smithing_table":1,"minecraft:crimson_door":2,"minecraft:andesite":18,"minecraft:birch_log":1,"ironchest:crystal_chest":3,"minecraft:experience_bottle":5,"minecraft:enchanting_table":1,"minecraft:flint_and_steel":32,"tacz:gun_smith_table":1,"minecraft:cooked_chicken":29,"minecraft:netherrack":72,"minecraft:torch":42,"minecraft:dirt":97,"minecraft:anvil":3,"minecraft:diamond_helmet":1,"alexscaves:sea_staff":53,"minecraft:iron_axe":123,"alexscaves:submarine":1,"minecraft:smooth_quartz":1,"minecraft:diamond_chestplate":1,"minecraft:basalt":97,"tombstone:gift":13,"minecraft:cooked_beef":57,"minecraft:cobbled_deepslate":55,"minecraft:cherry_log":4,"minecraft:light_gray_bed":4,"minecraft:quartz_bricks":1,"minecraft:cooked_mutton":49,"minecraft:cherry_planks":7,"minecraft:polished_blackstone_bricks":39,"alexscaves:gossamer_worm_bucket":1,"minecraft:tnt":5,"minecraft:crafting_table":1,"minecraft:spider_eye":1,"minecraft:white_bed":2,"bosses_of_mass_destruction:soul_star":14,"minecraft:spruce_log":1,"minecraft:warped_planks":31,"minecraft:oak_log":14,"minecraft:diamond_shovel":344,"minecraft:cracked_polished_blackstone_bricks":3,"tombstone:tablet_of_assistance":4,"minecraft:iron_pickaxe":2915,"alexscaves:extinction_spear":8,"tombstone:magic_scroll":2,"minecraft:cobblestone":30,"travelersbackpack:standard":11,"alexscaves:magic_conch":1},"minecraft:mined":{"minecraft:spruce_planks":1,"minecraft:cherry_log":73,"minecraft:chiseled_polished_blackstone":4,"minecraft:grass_block":352,"minecraft:stone_brick_wall":27,"minecraft:cracked_polished_blackstone_bricks":164,"minecraft:polished_blackstone_bricks":578,"minecraft:magma_block":3,"minecraft:glowstone":14,"minecraft:iron_ore":7,"minecraft:cobbled_deepslate":3,"minecraft:fire":20,"minecraft:deepslate_lapis_ore":5,"minecraft:enchanting_table":1,"minecraft:deepslate_redstone_ore":8,"minecraft:quartz_block":10,"minecraft:blackstone":150,"minecraft:torch":8,"minecraft:smooth_quartz_slab":1,"minecraft:nether_quartz_ore":32,"minecraft:oak_planks":15,"minecraft:wall_torch":7,"minecraft:deepslate_copper_ore":9,"minecraft:pink_petals":9,"minecraft:warped_nylium":42,"minecraft:tnt":6,"minecraft:grass":14,"minecraft:dirt":21,"minecraft:netherrack":926,"minecraft:oak_leaves":12,"minecraft:deepslate":213,"minecraft:nether_gold_ore":14,"alexscaves:spelunkery_table":1,"minecraft:tuff":27,"minecraft:deepslate_diamond_ore":15,"minecraft:spruce_leaves":1,"minecraft:large_fern":5,"minecraft:polished_basalt":8,"spore:cdu":1,"minecraft:andesite":1,"minecraft:gold_block":8,"minecraft:bookshelf":8,"minecraft:deepslate_iron_ore":1,"minecraft:warped_stem":94,"minecraft:packed_ice":17,"minecraft:stone":56,"spore:lab_block":1,"minecraft:potted_lily_of_the_valley":1,"minecraft:basalt":382,"minecraft:tall_grass":7,"minecraft:copper_ore":4,"minecraft:deepslate_gold_ore":13,"minecraft:polished_blackstone_brick_stairs":10,"minecraft:diorite":1,"minecraft:warped_wart_block":2,"minecraft:ice":147,"minecraft:spruce_log":1,"minecraft:birch_leaves":6,"minecraft:coal_ore":2,"minecraft:cherry_leaves":3,"minecraft:cyan_carpet":3,"minecraft:cracked_stone_bricks":3,"minecraft:stone_bricks":11}},"DataVersion":3465}