{"stats":{"minecraft:broken":{"minecraft:iron_helmet":1},"minecraft:killed_by":{"minecraft:player":1,"spore:inf_wanderer":1,"spore:inf_player":1},"minecraft:crafted":{"minecraft:cherry_planks":20,"minecraft:oak_planks":52,"minecraft:diamond_shovel":1,"minecraft:diamond_helmet":2,"minecraft:diamond_leggings":1,"minecraft:diamond_boots":1,"minecraft:diamond_sword":1,"minecraft:diamond_axe":2,"tacz:gun_smith_table":1,"minecraft:copper_ingot":11,"minecraft:air":0,"minecraft:white_wool":6,"minecraft:stick":8,"minecraft:iron_block":4,"minecraft:anvil":1,"minecraft:white_bed":2,"minecraft:diamond_chestplate":1},"minecraft:killed":{"minecraft:cave_spider":26,"spore:inf_hazmat":3,"minecraft:zombified_piglin":1,"minecraft:witch":2,"minecraft:spider":15,"minecraft:vindicator":1,"alexscaves:deep_one":2,"minecraft:phantom":10,"minecraft:horse":1,"minecraft:skeleton":28,"minecraft:bee":3,"minecraft:chicken":10,"bosses_of_mass_destruction:lich":1,"minecraft:piglin_brute":1,"minecraft:skeleton_horse":1,"minecraft:wolf":3,"minecraft:piglin":1,"minecraft:husk":1,"minecraft:pig":11,"spore:inf_player":7,"alexscaves:deep_one_knight":2,"spore:inf_wanderer":5,"minecraft:salmon":6,"spore:inf_drowned":1,"minecraft:creeper":27,"alexscaves:gossamer_worm":1,"spore:inf_pillager":27,"minecraft:sheep":12,"spore:inf_villager":19,"minecraft:trader_llama":1,"minecraft:pillager":2,"minecraft:zombie":35,"spore:inf_human":47,"minecraft:ghast":2,"minecraft:stray":3,"spore:inf_witch":5,"minecraft:enderman":3,"minecraft:blaze":1,"minecraft:cow":6},"minecraft:dropped":{"minecraft:cooked_beef":19,"minecraft:oak_log":50,"minecraft:diamond_leggings":2,"minecraft:iron_helmet":4,"travelersbackpack:standard":1,"minecraft:item_frame":1,"tombstone:bag_of_seeds":2,"minecraft:torch":1,"minecraft:mutton":1,"minecraft:cherry_planks":6,"tombstone:grave_dust":4,"minecraft:iron_leggings":1,"minecraft:gold_nugget":15,"tacz:modern_kinetic_gun":3,"minecraft:phantom_membrane":4,"minecraft:iron_axe":1,"minecraft:iron_pickaxe":5,"minecraft:paper":4,"minecraft:string":1,"minecraft:bone":5,"minecraft:cooked_chicken":104,"alexscaves:cave_tablet":2,"minecraft:chicken":2,"minecraft:rotten_flesh":5,"minecraft:oak_planks":1,"minecraft:iron_boots":1,"minecraft:diamond_shovel":1,"minecraft:cooked_mutton":30,"patchouli:guide_book":1,"minecraft:diamond_sword":2,"minecraft:bundle":1,"minecraft:iron_chestplate":1,"minecraft:stone_brick_wall":12,"minecraft:stone_bricks":9,"minecraft:spider_eye":3,"minecraft:stripped_cherry_log":7,"tacz:ammo":849,"minecraft:arrow":5,"tacz:attachment":1},"minecraft:custom":{"minecraft:interact_with_smithing_table":2,"minecraft:interact_with_anvil":11,"minecraft:mob_kills":335,"minecraft:interact_with_crafting_table":14,"minecraft:open_barrel":2,"minecraft:bell_ring":4,"minecraft:damage_dealt_resisted":0,"minecraft:leave_game":15,"minecraft:time_since_death":236370,"minecraft:climb_one_cm":1759,"minecraft:damage_resisted":0,"minecraft:sprint_one_cm":936691,"minecraft:walk_one_cm":1867910,"minecraft:damage_blocked_by_shield":30,"minecraft:drop":116,"minecraft:talked_to_villager":6,"minecraft:play_time":718647,"minecraft:sneak_time":12920,"minecraft:deaths":5,"minecraft:walk_under_water_one_cm":38599,"minecraft:jump":8152,"minecraft:interact_with_blast_furnace":2,"minecraft:walk_on_water_one_cm":68018,"minecraft:total_world_time":718647,"minecraft:interact_with_furnace":29,"tombstone:raider_killed":15,"minecraft:traded_with_villager":1,"minecraft:interact_with_loom":19,"minecraft:interact_with_stonecutter":13,"minecraft:sleep_in_bed":14,"minecraft:time_since_rest":72094,"minecraft:damage_taken":8473,"minecraft:damage_absorbed":8,"minecraft:trigger_trapped_chest":8,"minecraft:damage_dealt":11872,"minecraft:swim_one_cm":111899,"minecraft:fly_one_cm":2643350,"minecraft:player_kills":2,"minecraft:open_chest":192,"minecraft:crouch_one_cm":32345,"tombstone:undead_killed":86,"minecraft:aviate_one_cm":160485,"minecraft:fall_one_cm":185040,"minecraft:horse_one_cm":614152},"minecraft:used":{"alexscaves:magic_conch":1,"spore:cdu":1,"minecraft:enchanting_table":1,"minecraft:flint_and_steel":32,"minecraft:polished_basalt":10,"tacz:gun_smith_table":1,"minecraft:shield":3,"minecraft:iron_sword":273,"minecraft:stone":18,"minecraft:cooked_chicken":13,"minecraft:netherrack":14,"minecraft:torch":42,"minecraft:dirt":97,"minecraft:anvil":2,"minecraft:diamond_helmet":1,"ironchest:iron_chest":2,"bosses_of_mass_destruction:mob_ward":2,"minecraft:tuff":1,"minecraft:snowball":2,"minecraft:obsidian":7,"minecraft:glass":12,"minecraft:quartz_pillar":1,"alexscaves:sea_staff":53,"minecraft:iron_axe":123,"alexscaves:submarine":1,"minecraft:grass_block":72,"minecraft:quartz_block":31,"minecraft:smooth_quartz":1,"minecraft:stone_bricks":3,"minecraft:diamond_chestplate":1,"minecraft:furnace":1,"tombstone:gift":11,"minecraft:egg":10,"minecraft:cooked_beef":52,"minecraft:cobbled_deepslate":55,"minecraft:cherry_log":4,"minecraft:light_gray_bed":4,"minecraft:quartz_bricks":1,"minecraft:cooked_mutton":49,"ironchest:dirt_chest":1,"minecraft:diorite":2,"minecraft:diamond_boots":1,"minecraft:spruce_door":2,"minecraft:oak_planks":296,"minecraft:blackstone":3,"minecraft:ender_pearl":1,"alexscaves:gossamer_worm_bucket":1,"minecraft:golden_apple":1,"minecraft:white_wool":18,"minecraft:tnt":5,"minecraft:crafting_table":1,"minecraft:blast_furnace":1,"minecraft:spider_eye":1,"minecraft:white_bed":2,"minecraft:chiseled_quartz_block":1,"minecraft:spruce_log":1,"bosses_of_mass_destruction:soul_star":14,"minecraft:cobbled_deepslate_stairs":1,"minecraft:oak_log":14,"minecraft:diamond_shovel":344,"minecraft:iron_pickaxe":680,"alexscaves:extinction_spear":8,"minecraft:cyan_carpet":3,"tombstone:magic_scroll":2,"tombstone:grave_key":1,"minecraft:diamond_sword":30,"minecraft:cobblestone":30,"travelersbackpack:standard":11,"minecraft:smithing_table":1,"minecraft:crimson_door":2,"minecraft:andesite":18,"minecraft:birch_log":1,"minecraft:experience_bottle":5,"ironchest:crystal_chest":2},"minecraft:mined":{"minecraft:nether_gold_ore":4,"alexscaves:spelunkery_table":1,"minecraft:tuff":27,"minecraft:spruce_planks":1,"minecraft:deepslate_diamond_ore":15,"minecraft:cherry_log":73,"minecraft:stone_brick_wall":27,"minecraft:grass_block":352,"minecraft:spruce_leaves":1,"minecraft:large_fern":5,"minecraft:fire":11,"minecraft:iron_ore":7,"minecraft:polished_basalt":7,"minecraft:cobbled_deepslate":3,"spore:cdu":1,"minecraft:andesite":1,"minecraft:deepslate_lapis_ore":5,"minecraft:enchanting_table":1,"minecraft:bookshelf":8,"minecraft:deepslate_iron_ore":1,"minecraft:packed_ice":17,"minecraft:stone":56,"spore:lab_block":1,"minecraft:deepslate_redstone_ore":8,"minecraft:quartz_block":10,"minecraft:blackstone":1,"minecraft:potted_lily_of_the_valley":1,"minecraft:torch":8,"minecraft:copper_ore":4,"minecraft:tall_grass":7,"minecraft:deepslate_gold_ore":13,"minecraft:oak_planks":15,"minecraft:diorite":1,"minecraft:wall_torch":7,"minecraft:deepslate_copper_ore":9,"minecraft:pink_petals":8,"minecraft:ice":147,"minecraft:spruce_log":1,"minecraft:birch_leaves":5,"minecraft:tnt":6,"minecraft:grass":14,"minecraft:coal_ore":2,"minecraft:cherry_leaves":3,"minecraft:cyan_carpet":3,"minecraft:dirt":21,"minecraft:cracked_stone_bricks":3,"minecraft:stone_bricks":11,"minecraft:netherrack":89,"minecraft:oak_leaves":12,"minecraft:deepslate":213},"minecraft:picked_up":{"spore:mutated_heart":2,"minecraft:chicken":2,"minecraft:flower_pot":1,"minecraft:turtle_helmet":1,"minecraft:leather_leggings":2,"minecraft:lead":6,"minecraft:diamond_sword":1,"alexscaves:cave_tablet":2,"minecraft:stone_brick_wall":12,"minecraft:potion":1,"minecraft:enchanted_book":6,"minecraft:stripped_cherry_log":7,"minecraft:stone_brick_stairs":3,"minecraft:golden_sword":1,"minecraft:shield":2,"minecraft:string":24,"minecraft:raw_copper":55,"minecraft:iron_axe":2,"tacz:ammo":529,"minecraft:iron_leggings":1,"minecraft:item_frame":1,"minecraft:iron_shovel":1,"minecraft:blackstone":25,"minecraft:cyan_carpet":3,"minecraft:cracked_stone_bricks":1,"minecraft:diamond_leggings":1,"minecraft:gold_nugget":123,"minecraft:cobbled_deepslate":260,"bosses_of_mass_destruction:soul_star":14,"minecraft:spruce_planks":5,"minecraft:beef":5,"minecraft:iron_pickaxe":5,"minecraft:phantom_membrane":4,"minecraft:iron_boots":1,"minecraft:egg":3,"minecraft:tipped_arrow":1,"minecraft:stick":19,"minecraft:raw_iron":12,"apotheosis:gem":19,"minecraft:copper_ingot":68,"minecraft:torch":53,"minecraft:porkchop":7,"tacz:attachment":1,"minecraft:cherry_log":70,"minecraft:pointed_dripstone":3,"tombstone:grave_dust":7,"minecraft:diorite":2,"minecraft:redstone":2,"minecraft:golden_chestplate":1,"minecraft:tnt":6,"minecraft:quartz_block":10,"minecraft:arrow":16,"minecraft:rotten_flesh":34,"minecraft:polished_basalt":10,"alexscaves:spelunkery_table":2,"minecraft:iron_bars":2,"bosses_of_mass_destruction:ancient_anima":2,"minecraft:mutton":5,"minecraft:snowball":2,"minecraft:white_wool":4,"minecraft:cobblestone":46,"spore:cdu":1,"minecraft:enchanting_table":1,"minecraft:pink_petals":1450,"minecraft:leather_chestplate":2,"minecraft:cooked_beef":1,"minecraft:andesite":1,"minecraft:potato":1,"minecraft:tuff":24,"minecraft:chainmail_chestplate":1,"minecraft:cobbled_deepslate_stairs":1,"minecraft:gunpowder":47,"minecraft:lapis_lazuli":264,"minecraft:dirt":400,"minecraft:paper":4,"tombstone:gift":2,"minecraft:bone":18,"minecraft:stone_bricks":14,"minecraft:bow":3,"minecraft:wheat_seeds":51,"minecraft:raw_gold":61,"minecraft:iron_ingot":10,"minecraft:cooked_chicken":62,"tombstone:bag_of_seeds":2,"spore:mutated_fiber":41,"minecraft:oak_planks":20,"minecraft:book":36,"spore:cerebrum":5,"minecraft:quartz":8,"minecraft:spruce_log":1,"minecraft:lily_of_the_valley":1,"minecraft:trapped_chest":1,"minecraft:spider_eye":12,"minecraft:bundle":2,"minecraft:diamond_shovel":1,"minecraft:diamond":53,"tacz:modern_kinetic_gun":3,"minecraft:chainmail_leggings":2,"minecraft:iron_helmet":3,"minecraft:cherry_sapling":18,"minecraft:chainmail_helmet":1,"minecraft:netherrack":90,"spore:spine_fragment":1,"tombstone:magic_scroll":1,"minecraft:coal":2,"minecraft:ender_pearl":1}},"DataVersion":3465}