{"stats":{"minecraft:killed_by":{"minecraft:player":1},"minecraft:crafted":{"minecraft:oak_planks":4,"minecraft:iron_helmet":1,"minecraft:cooked_chicken":29,"minecraft:iron_sword":1,"minecraft:iron_boots":1,"minecraft:iron_chestplate":1,"minecraft:stick":8,"minecraft:iron_pickaxe":2,"minecraft:iron_leggings":1,"minecraft:torch":32},"minecraft:killed":{"minecraft:husk":1,"minecraft:pig":2,"minecraft:creeper":1,"spore:inf_pillager":1,"spore:inf_villager":1,"minecraft:zombie":4,"spore:inf_human":1,"spore:inf_witch":1,"minecraft:glow_squid":1,"minecraft:cow":8},"minecraft:dropped":{"minecraft:leather_chestplate":1,"minecraft:bone":1},"minecraft:custom":{"minecraft:interact_with_furnace":1,"minecraft:mob_kills":22,"minecraft:interact_with_crafting_table":3,"minecraft:damage_dealt_resisted":0,"minecraft:time_since_death":29295,"minecraft:sleep_in_bed":1,"minecraft:damage_resisted":0,"minecraft:time_since_rest":18297,"minecraft:sprint_one_cm":47069,"minecraft:damage_taken":585,"minecraft:walk_one_cm":108290,"minecraft:drop":2,"minecraft:damage_dealt":455,"minecraft:swim_one_cm":11294,"minecraft:fly_one_cm":30539,"minecraft:open_chest":13,"minecraft:crouch_one_cm":1004,"minecraft:play_time":31982,"tombstone:undead_killed":5,"minecraft:deaths":1,"minecraft:sneak_time":485,"minecraft:walk_under_water_one_cm":3362,"minecraft:jump":327,"minecraft:walk_on_water_one_cm":14058,"minecraft:total_world_time":31982,"minecraft:fall_one_cm":7858},"minecraft:used":{"minecraft:cooked_mutton":5,"minecraft:iron_sword":14,"minecraft:iron_chestplate":1,"minecraft:dirt":2,"tombstone:bag_of_seeds":2,"minecraft:iron_pickaxe":124,"minecraft:iron_helmet":1,"minecraft:iron_boots":1,"minecraft:cobblestone":5,"travelersbackpack:standard":1,"minecraft:iron_leggings":1},"minecraft:mined":{"minecraft:granite":1,"minecraft:grass_block":1,"minecraft:copper_ore":43,"minecraft:deepslate_coal_ore":4,"minecraft:diorite":2,"minecraft:iron_ore":16,"minecraft:coal_ore":36,"minecraft:dirt":1,"minecraft:stone":17,"minecraft:gold_ore":3,"minecraft:deepslate":2},"minecraft:picked_up":{"spore:mutated_heart":1,"minecraft:leather_chestplate":1,"minecraft:glow_ink_sac":2,"minecraft:leather":10,"minecraft:gunpowder":3,"minecraft:dirt":2,"minecraft:string":3,"minecraft:raw_copper":138,"minecraft:cooked_mutton":29,"minecraft:bone":4,"minecraft:cobbled_deepslate":2,"minecraft:raw_gold":3,"minecraft:beef":19,"tombstone:bag_of_seeds":1,"spore:mutated_fiber":6,"spore:cerebrum":1,"minecraft:raw_iron":12,"minecraft:stick":5,"apotheosis:gem":2,"minecraft:porkchop":4,"minecraft:diorite":4,"minecraft:trident":1,"minecraft:grass_block":1,"travelersbackpack:standard":1,"minecraft:arrow":4,"minecraft:rotten_flesh":6,"minecraft:granite":1,"spore:spine_fragment":3,"minecraft:coal":40,"minecraft:cobblestone":21,"minecraft:ender_pearl":1}},"DataVersion":3465}