{"stats":{"minecraft:killed_by":{"minecraft:player":1},"minecraft:crafted":{"minecraft:oak_planks":4,"minecraft:iron_helmet":1,"minecraft:cooked_chicken":29,"minecraft:iron_sword":1,"minecraft:iron_boots":1,"minecraft:iron_chestplate":1,"minecraft:stick":8,"minecraft:iron_pickaxe":2,"minecraft:iron_leggings":1,"minecraft:torch":32},"minecraft:killed":{"minecraft:husk":1,"minecraft:pig":2,"minecraft:spider":3,"minecraft:creeper":1,"minecraft:skeleton":2,"spore:inf_pillager":1,"spore:inf_villager":1,"minecraft:zombie":5,"spore:inf_human":1,"spore:inf_witch":1,"minecraft:glow_squid":1,"minecraft:cow":8},"minecraft:dropped":{"alexscaves:cave_tablet":2,"minecraft:leather_chestplate":1,"minecraft:paper":8,"minecraft:bone":1},"minecraft:custom":{"minecraft:interact_with_furnace":1,"minecraft:mob_kills":29,"minecraft:interact_with_crafting_table":3,"minecraft:open_barrel":1,"minecraft:interact_with_loom":1,"minecraft:damage_dealt_resisted":0,"minecraft:time_since_death":53295,"minecraft:sleep_in_bed":1,"minecraft:climb_one_cm":669,"minecraft:damage_resisted":0,"minecraft:time_since_rest":42297,"minecraft:sprint_one_cm":50109,"minecraft:damage_taken":772,"minecraft:walk_one_cm":199380,"minecraft:drop":8,"minecraft:damage_dealt":834,"minecraft:swim_one_cm":11294,"minecraft:fly_one_cm":32907,"minecraft:open_chest":14,"minecraft:crouch_one_cm":1374,"minecraft:play_time":55982,"tombstone:undead_killed":8,"minecraft:deaths":1,"minecraft:sneak_time":1029,"minecraft:walk_under_water_one_cm":17255,"minecraft:jump":578,"minecraft:walk_on_water_one_cm":23383,"minecraft:total_world_time":55982,"minecraft:fall_one_cm":10730},"minecraft:used":{"minecraft:cooked_mutton":8,"minecraft:iron_sword":28,"minecraft:iron_chestplate":1,"minecraft:torch":17,"minecraft:dirt":2,"minecraft:granite":1,"minecraft:cobbled_deepslate_stairs":2,"tombstone:bag_of_seeds":2,"minecraft:iron_pickaxe":227,"minecraft:iron_helmet":1,"minecraft:iron_boots":1,"minecraft:cobblestone":24,"travelersbackpack:standard":1,"minecraft:cobbled_deepslate":14,"minecraft:iron_leggings":1},"minecraft:mined":{"minecraft:deepslate_redstone_ore":7,"minecraft:tuff":9,"minecraft:candle":1,"minecraft:cobbled_deepslate_stairs":5,"minecraft:oak_fence":2,"minecraft:torch":2,"minecraft:granite":1,"minecraft:chiseled_bookshelf":1,"minecraft:grass_block":1,"minecraft:coal_block":2,"minecraft:copper_ore":43,"minecraft:cobblestone":2,"minecraft:deepslate_coal_ore":4,"minecraft:deepslate_gold_ore":6,"minecraft:diorite":2,"minecraft:wall_torch":7,"minecraft:spawner":1,"minecraft:oak_trapdoor":1,"minecraft:iron_ore":17,"minecraft:cobbled_deepslate":5,"minecraft:deepslate_lapis_ore":7,"minecraft:bookshelf":2,"minecraft:vine":1,"minecraft:coal_ore":36,"minecraft:deepslate_iron_ore":5,"minecraft:gravel":1,"minecraft:dirt":1,"minecraft:lodestone":1,"minecraft:stonecutter":1,"minecraft:stone":19,"minecraft:gold_ore":3,"minecraft:deepslate":47},"minecraft:picked_up":{"spore:mutated_heart":1,"minecraft:leather_chestplate":1,"minecraft:glow_ink_sac":2,"minecraft:leather":10,"alexscaves:cave_tablet":2,"minecraft:flint":1,"minecraft:tuff":7,"minecraft:cobbled_deepslate_stairs":3,"minecraft:gunpowder":3,"minecraft:paper":8,"minecraft:oak_trapdoor":1,"minecraft:lapis_lazuli":48,"minecraft:dirt":2,"minecraft:string":7,"minecraft:raw_copper":138,"minecraft:cooked_mutton":29,"minecraft:bone":6,"minecraft:stonecutter":1,"minecraft:candle":2,"minecraft:cobbled_deepslate":50,"minecraft:raw_gold":9,"minecraft:beef":19,"tombstone:bag_of_seeds":1,"spore:mutated_fiber":6,"minecraft:coal_block":2,"minecraft:book":6,"spore:cerebrum":1,"minecraft:raw_iron":18,"minecraft:stick":5,"apotheosis:gem":3,"minecraft:oak_fence":2,"minecraft:torch":9,"minecraft:porkchop":4,"minecraft:diorite":4,"minecraft:trident":1,"minecraft:grass_block":1,"minecraft:redstone":29,"travelersbackpack:standard":1,"minecraft:arrow":4,"minecraft:rotten_flesh":6,"minecraft:granite":1,"minecraft:lodestone":1,"spore:spine_fragment":3,"minecraft:coal":40,"minecraft:cobblestone":25,"minecraft:ender_pearl":1}},"DataVersion":3465}