{"stats":{"minecraft:killed_by":{"minecraft:player":1},"minecraft:crafted":{"minecraft:iron_sword":1,"minecraft:iron_leggings":1,"minecraft:oak_planks":4,"minecraft:iron_chestplate":1,"minecraft:iron_boots":1,"minecraft:stick":8,"minecraft:iron_pickaxe":2,"minecraft:iron_helmet":1},"minecraft:killed":{"minecraft:pig":2,"minecraft:cow":5},"minecraft:custom":{"minecraft:time_since_rest":4873,"minecraft:open_chest":9,"minecraft:crouch_one_cm":636,"minecraft:play_time":7982,"minecraft:sprint_one_cm":14246,"minecraft:walk_one_cm":21799,"minecraft:damage_taken":240,"minecraft:deaths":1,"minecraft:sneak_time":178,"minecraft:mob_kills":7,"minecraft:damage_dealt_resisted":0,"minecraft:jump":74,"minecraft:damage_dealt":200,"minecraft:time_since_death":5295,"minecraft:total_world_time":7982,"minecraft:damage_resisted":0,"minecraft:fall_one_cm":1463,"minecraft:interact_with_crafting_table":3,"minecraft:fly_one_cm":12189},"minecraft:used":{"minecraft:iron_chestplate":1,"travelersbackpack:standard":1,"minecraft:iron_helmet":1,"minecraft:iron_sword":4,"minecraft:iron_boots":1,"minecraft:iron_leggings":1},"minecraft:picked_up":{"travelersbackpack:standard":1,"minecraft:leather":7,"minecraft:beef":14,"minecraft:porkchop":4}},"DataVersion":3465}