{"stats":{"minecraft:killed":{"minecraft:cave_spider":12,"minecraft:witch":1,"minecraft:spider":3,"minecraft:skeleton":6,"minecraft:husk":1,"minecraft:pig":2,"spore:inf_player":1,"spore:inf_wanderer":2,"spore:inf_drowned":1,"minecraft:creeper":7,"spore:inf_pillager":2,"spore:inf_villager":5,"minecraft:zombie":15,"spore:inf_human":3,"spore:inf_witch":2,"minecraft:glow_squid":1,"minecraft:cow":8},"minecraft:picked_up":{"minecraft:wooden_axe":1,"spore:mutated_heart":1,"alexscaves:cave_tablet":2,"minecraft:shield":1,"minecraft:oak_trapdoor":1,"minecraft:string":55,"minecraft:raw_copper":156,"minecraft:item_frame":4,"tacz:ammo":80,"minecraft:cyan_carpet":3,"minecraft:candle":2,"minecraft:cobbled_deepslate":190,"minecraft:spruce_planks":2,"minecraft:beef":19,"minecraft:iron_pickaxe":1,"minecraft:spruce_slab":1,"minecraft:coal_block":2,"minecraft:sugar_cane":30,"minecraft:egg":1,"minecraft:stick":5,"minecraft:raw_iron":18,"apotheosis:gem":8,"minecraft:oak_fence":2,"minecraft:torch":21,"minecraft:spruce_stairs":1,"minecraft:porkchop":4,"tombstone:grave_dust":5,"minecraft:diorite":4,"minecraft:trident":1,"minecraft:redstone":57,"minecraft:arrow":16,"minecraft:rotten_flesh":42,"minecraft:cobblestone":197,"minecraft:leather_chestplate":1,"minecraft:cooked_beef":1,"minecraft:glow_ink_sac":2,"minecraft:andesite":5,"minecraft:leather":10,"minecraft:flint":2,"minecraft:tuff":18,"minecraft:chainmail_chestplate":1,"minecraft:cobbled_deepslate_stairs":3,"minecraft:gunpowder":11,"minecraft:dirt":29,"minecraft:lapis_lazuli":48,"minecraft:paper":8,"minecraft:cooked_mutton":30,"minecraft:bone":17,"minecraft:stonecutter":1,"minecraft:bow":3,"minecraft:raw_gold":18,"spore:mutated_fiber":26,"tombstone:bag_of_seeds":1,"minecraft:oak_planks":1,"minecraft:book":39,"spore:cerebrum":3,"minecraft:pumpkin":4,"minecraft:sweet_berries":10,"minecraft:gravel":7,"minecraft:stripped_spruce_log":2,"minecraft:grass_block":1,"minecraft:spruce_log":4,"minecraft:spider_eye":13,"travelersbackpack:standard":3,"minecraft:diamond":20,"minecraft:soul_lantern":2,"minecraft:granite":52,"minecraft:crossbow":1,"minecraft:lodestone":1,"spore:spine_fragment":6,"minecraft:coal":40,"minecraft:ender_pearl":1},"minecraft:custom":{"minecraft:interact_with_smithing_table":1,"minecraft:mob_kills":81,"minecraft:interact_with_crafting_table":6,"minecraft:open_barrel":1,"minecraft:damage_dealt_resisted":0,"minecraft:leave_game":2,"minecraft:time_since_death":53680,"minecraft:climb_one_cm":2346,"minecraft:damage_resisted":0,"minecraft:sprint_one_cm":239979,"minecraft:walk_one_cm":621467,"minecraft:drop":24,"minecraft:play_time":160469,"minecraft:sneak_time":2935,"minecraft:deaths":3,"minecraft:walk_under_water_one_cm":29499,"minecraft:jump":2202,"minecraft:walk_on_water_one_cm":40021,"minecraft:total_world_time":160469,"minecraft:interact_with_furnace":16,"tombstone:raider_killed":1,"minecraft:interact_with_loom":1,"minecraft:sleep_in_bed":5,"minecraft:time_since_rest":12383,"minecraft:damage_taken":2074,"minecraft:damage_dealt":3317,"minecraft:player_kills":1,"minecraft:swim_one_cm":69512,"minecraft:fly_one_cm":159299,"minecraft:open_chest":54,"minecraft:crouch_one_cm":4854,"tombstone:undead_killed":22,"minecraft:fall_one_cm":31459},"minecraft:used":{"minecraft:spruce_planks":1,"minecraft:iron_sword":162,"minecraft:cooked_chicken":3,"minecraft:iron_chestplate":1,"minecraft:torch":38,"minecraft:dirt":14,"minecraft:granite":1,"minecraft:wooden_axe":21,"minecraft:iron_helmet":1,"minecraft:iron_boots":1,"minecraft:furnace":2,"tombstone:gift":4,"minecraft:cooked_beef":5,"minecraft:cobbled_deepslate":70,"minecraft:iron_leggings":1,"minecraft:cooked_mutton":15,"minecraft:oak_planks":1,"minecraft:crafting_table":1,"minecraft:cobbled_deepslate_stairs":2,"tombstone:bag_of_seeds":2,"minecraft:iron_pickaxe":594,"minecraft:gravel":1,"minecraft:cobblestone":24,"travelersbackpack:standard":13},"minecraft:crafted":{"minecraft:oak_planks":4,"minecraft:coal":252,"minecraft:cooked_chicken":29,"minecraft:furnace":2,"minecraft:iron_boots":1,"minecraft:cooked_beef":19,"minecraft:crafting_table":1,"minecraft:spruce_planks":12,"minecraft:iron_helmet":1,"minecraft:iron_sword":1,"minecraft:copper_ingot":64,"minecraft:iron_chestplate":1,"minecraft:stick":12,"minecraft:iron_ingot":18,"minecraft:iron_pickaxe":2,"minecraft:wooden_axe":1,"minecraft:gold_ingot":18,"minecraft:iron_leggings":1,"minecraft:torch":32},"minecraft:dropped":{"minecraft:candle":2,"minecraft:cooked_beef":1,"minecraft:cobbled_deepslate_stairs":1,"minecraft:oak_fence":2,"minecraft:cobblestone":1,"minecraft:diorite":4,"minecraft:torch":12,"minecraft:wooden_axe":1,"minecraft:iron_pickaxe":1,"minecraft:paper":8,"minecraft:bone":1,"minecraft:oak_trapdoor":1,"minecraft:cobbled_deepslate":64,"alexscaves:cave_tablet":2,"minecraft:tuff":8,"minecraft:rotten_flesh":21,"minecraft:leather_chestplate":1,"apotheosis:gem":1,"minecraft:bow":1},"minecraft:broken":{"minecraft:iron_pickaxe":2},"minecraft:killed_by":{"minecraft:player":1,"spore:inf_wanderer":1,"spore:inf_villager":1},"minecraft:mined":{"minecraft:tuff":16,"minecraft:spruce_planks":3,"minecraft:deepslate_diamond_ore":1,"minecraft:candle":1,"minecraft:cobbled_deepslate_stairs":5,"minecraft:granite":52,"minecraft:chiseled_bookshelf":1,"travelersbackpack:red_sleeping_bag":1,"minecraft:grass_block":11,"minecraft:coal_block":2,"minecraft:spawner":1,"minecraft:oak_trapdoor":1,"minecraft:iron_ore":17,"minecraft:cobbled_deepslate":5,"minecraft:andesite":5,"minecraft:stripped_spruce_log":2,"minecraft:pumpkin":4,"minecraft:deepslate_lapis_ore":7,"minecraft:bookshelf":13,"minecraft:deepslate_iron_ore":5,"minecraft:vine":1,"minecraft:stone":177,"minecraft:spruce_slab":1,"minecraft:podzol":3,"minecraft:deepslate_redstone_ore":13,"travelersbackpack:standard":2,"minecraft:oak_fence":2,"minecraft:torch":5,"minecraft:copper_ore":43,"minecraft:cobblestone":2,"minecraft:deepslate_coal_ore":4,"minecraft:deepslate_gold_ore":15,"minecraft:sugar_cane":12,"minecraft:oak_planks":1,"minecraft:diorite":2,"minecraft:wall_torch":12,"minecraft:deepslate_copper_ore":5,"minecraft:spruce_stairs":1,"minecraft:sweet_berry_bush":5,"minecraft:spruce_log":4,"minecraft:grass":6,"minecraft:coal_ore":36,"minecraft:gravel":9,"minecraft:cyan_carpet":3,"minecraft:dirt":15,"minecraft:lodestone":1,"minecraft:stonecutter":1,"minecraft:gold_ore":3,"minecraft:oak_leaves":7,"minecraft:deepslate":171,"minecraft:fern":1}},"DataVersion":3465}