{"stats":{"minecraft:broken":{"minecraft:chainmail_chestplate":1,"minecraft:iron_axe":1,"minecraft:iron_pickaxe":2,"minecraft:iron_helmet":1,"minecraft:wooden_axe":2},"minecraft:killed_by":{"minecraft:player":2,"spore:inf_wanderer":1,"bosses_of_mass_destruction:lich":1,"spore:inf_villager":1},"minecraft:crafted":{"minecraft:cherry_planks":20,"minecraft:smooth_stone":12,"minecraft:oak_planks":276,"minecraft:coal":540,"minecraft:cooked_chicken":29,"minecraft:furnace":4,"minecraft:stone":48,"minecraft:bone_meal":39,"minecraft:iron_boots":1,"minecraft:iron_axe":3,"minecraft:chest":4,"minecraft:stone_bricks":36,"minecraft:cooked_beef":19,"minecraft:crafting_table":2,"minecraft:spruce_planks":12,"minecraft:iron_helmet":3,"minecraft:iron_sword":1,"minecraft:copper_ingot":136,"minecraft:iron_chestplate":2,"minecraft:stick":24,"minecraft:iron_ingot":18,"minecraft:iron_pickaxe":3,"minecraft:cherry_door":3,"minecraft:wooden_axe":2,"minecraft:gold_ingot":18,"minecraft:iron_shovel":1,"minecraft:iron_leggings":1,"minecraft:torch":56},"minecraft:killed":{"spore:inf_hazmat":4,"minecraft:cave_spider":12,"minecraft:witch":1,"minecraft:spider":4,"minecraft:phantom":6,"minecraft:horse":1,"minecraft:skeleton":11,"minecraft:husk":1,"minecraft:pig":2,"spore:inf_player":1,"spore:inf_wanderer":3,"spore:inf_drowned":3,"minecraft:creeper":11,"minecraft:polar_bear":1,"spore:inf_pillager":7,"spore:inf_villager":9,"minecraft:zombie":35,"spore:inf_human":14,"minecraft:stray":1,"spore:inf_witch":4,"minecraft:glow_squid":1,"minecraft:cow":8},"minecraft:dropped":{"minecraft:stripped_spruce_log":1,"minecraft:candle":2,"minecraft:wheat_seeds":10,"minecraft:cooked_beef":4,"minecraft:cobbled_deepslate_stairs":1,"minecraft:iron_helmet":1,"minecraft:oak_fence":2,"minecraft:cobblestone":1,"minecraft:cracked_stone_bricks":4,"minecraft:copper_ingot":64,"minecraft:stick":3,"minecraft:diorite":4,"minecraft:torch":12,"tombstone:grave_key":1,"minecraft:wooden_axe":1,"minecraft:snowball":6,"minecraft:iron_leggings":1,"tacz:modern_kinetic_gun":1,"minecraft:iron_axe":1,"minecraft:polished_basalt":2,"minecraft:iron_pickaxe":3,"minecraft:paper":8,"minecraft:pink_petals":128,"minecraft:bone":4,"minecraft:redstone":1,"minecraft:oak_trapdoor":1,"minecraft:cobbled_deepslate":64,"minecraft:tuff":8,"alexscaves:cave_tablet":2,"minecraft:rotten_flesh":59,"minecraft:oak_planks":1,"minecraft:leather_chestplate":1,"minecraft:gunpowder":82,"minecraft:bundle":2,"minecraft:stone_brick_wall":11,"apotheosis:gem":2,"minecraft:stone_bricks":1,"minecraft:basalt":1,"minecraft:bow":2,"minecraft:egg":2},"minecraft:custom":{"minecraft:interact_with_smithing_table":1,"minecraft:interact_with_anvil":2,"minecraft:mob_kills":150,"minecraft:interact_with_crafting_table":28,"minecraft:open_barrel":1,"minecraft:damage_dealt_resisted":0,"minecraft:leave_game":3,"minecraft:time_since_death":99373,"minecraft:climb_one_cm":2346,"minecraft:damage_resisted":0,"minecraft:sprint_one_cm":611268,"minecraft:walk_one_cm":1376978,"minecraft:drop":123,"minecraft:play_time":376226,"minecraft:sneak_time":4840,"minecraft:deaths":6,"minecraft:walk_under_water_one_cm":41420,"minecraft:jump":4057,"minecraft:walk_on_water_one_cm":105247,"minecraft:total_world_time":376226,"minecraft:interact_with_furnace":48,"tombstone:raider_killed":7,"minecraft:interact_with_loom":1,"minecraft:interact_with_stonecutter":4,"minecraft:sleep_in_bed":9,"minecraft:time_since_rest":18418,"minecraft:damage_taken":5620,"minecraft:trigger_trapped_chest":3,"minecraft:damage_dealt":6251,"minecraft:player_kills":1,"minecraft:swim_one_cm":102296,"minecraft:fly_one_cm":565166,"minecraft:crouch_one_cm":7785,"minecraft:open_chest":129,"tombstone:undead_killed":57,"minecraft:fall_one_cm":80372,"minecraft:horse_one_cm":704540},"minecraft:used":{"minecraft:cherry_sapling":37,"minecraft:iron_shovel":182,"minecraft:polished_basalt":5,"minecraft:chest":4,"minecraft:spruce_planks":7,"minecraft:iron_sword":218,"minecraft:cooked_chicken":6,"minecraft:iron_chestplate":1,"minecraft:torch":69,"spore:lab_block":1,"minecraft:dirt":101,"minecraft:granite":1,"minecraft:wooden_axe":121,"minecraft:iron_axe":364,"minecraft:iron_boots":1,"minecraft:iron_helmet":1,"minecraft:stone_brick_stairs":1,"minecraft:stone_bricks":30,"minecraft:basalt":5,"minecraft:bow":54,"minecraft:furnace":4,"tombstone:gift":6,"minecraft:cooked_beef":37,"minecraft:cobbled_deepslate":70,"minecraft:cherry_log":134,"minecraft:iron_leggings":1,"minecraft:cooked_mutton":15,"minecraft:water_bucket":75,"minecraft:oak_planks":87,"minecraft:stonecutter":1,"minecraft:crafting_table":3,"minecraft:cobbled_deepslate_stairs":2,"tombstone:bag_of_seeds":2,"minecraft:cherry_door":3,"minecraft:iron_pickaxe":601,"tombstone:grave_key":4,"minecraft:gravel":2,"travelersbackpack:standard":20,"minecraft:cobblestone":24,"minecraft:bucket":76,"minecraft:stripped_cherry_log":113,"minecraft:bone_meal":28},"minecraft:mined":{"minecraft:tuff":16,"minecraft:spruce_planks":5,"minecraft:cobbled_deepslate_stairs":5,"minecraft:deepslate_diamond_ore":1,"minecraft:candle":1,"minecraft:stripped_cherry_log":136,"minecraft:cherry_log":159,"minecraft:granite":52,"minecraft:chiseled_bookshelf":1,"travelersbackpack:red_sleeping_bag":1,"minecraft:grass_block":182,"minecraft:coal_block":2,"minecraft:spruce_leaves":6,"minecraft:spawner":1,"minecraft:oak_trapdoor":1,"minecraft:iron_ore":17,"minecraft:cobbled_deepslate":5,"minecraft:andesite":5,"minecraft:stripped_spruce_log":2,"minecraft:pumpkin":4,"minecraft:deepslate_lapis_ore":7,"minecraft:bookshelf":24,"minecraft:deepslate_iron_ore":5,"minecraft:vine":1,"minecraft:packed_ice":9,"minecraft:stone":177,"minecraft:spruce_slab":1,"minecraft:podzol":3,"minecraft:deepslate_redstone_ore":13,"travelersbackpack:standard":3,"minecraft:oak_fence":2,"minecraft:torch":7,"minecraft:crafting_table":1,"minecraft:copper_ore":43,"minecraft:tall_grass":11,"minecraft:cobblestone":2,"minecraft:deepslate_coal_ore":4,"minecraft:deepslate_gold_ore":15,"minecraft:oak_planks":11,"minecraft:sugar_cane":12,"minecraft:diorite":2,"minecraft:wall_torch":13,"minecraft:deepslate_copper_ore":5,"minecraft:pink_petals":52,"minecraft:spruce_stairs":1,"minecraft:trapped_chest":1,"minecraft:sweet_berry_bush":5,"minecraft:ice":44,"minecraft:spruce_log":4,"minecraft:cherry_door":1,"minecraft:tnt":3,"minecraft:grass":28,"minecraft:coal_ore":36,"minecraft:cherry_leaves":31,"minecraft:cyan_carpet":3,"minecraft:gravel":10,"minecraft:dirt":25,"minecraft:lodestone":1,"minecraft:stonecutter":1,"minecraft:stone_bricks":6,"minecraft:gold_ore":3,"minecraft:oak_leaves":11,"minecraft:deepslate":171,"minecraft:fern":1},"minecraft:picked_up":{"minecraft:wooden_axe":1,"spore:mutated_heart":3,"spore:lab_block":1,"minecraft:crafting_table":1,"minecraft:diamond_sword":1,"minecraft:lead":2,"alexscaves:cave_tablet":2,"minecraft:stone_brick_wall":11,"minecraft:stripped_cherry_log":138,"minecraft:stone_brick_stairs":1,"tombstone:grave_key":1,"minecraft:shield":1,"minecraft:iron_axe":1,"minecraft:oak_trapdoor":1,"minecraft:string":58,"minecraft:raw_copper":156,"tacz:ammo":721,"minecraft:item_frame":8,"minecraft:cyan_carpet":3,"minecraft:cracked_stone_bricks":4,"minecraft:diamond_leggings":1,"minecraft:cobbled_deepslate":190,"minecraft:candle":2,"bosses_of_mass_destruction:soul_star":2,"minecraft:spruce_planks":5,"minecraft:beef":19,"minecraft:iron_pickaxe":3,"minecraft:spruce_slab":1,"minecraft:coal_block":2,"minecraft:sugar_cane":30,"minecraft:phantom_membrane":4,"minecraft:iron_boots":1,"minecraft:egg":3,"minecraft:tipped_arrow":2,"minecraft:stick":30,"minecraft:raw_iron":18,"apotheosis:gem":13,"minecraft:oak_fence":2,"minecraft:torch":25,"minecraft:spruce_stairs":1,"minecraft:porkchop":4,"tacz:attachment":1,"minecraft:cherry_log":162,"tombstone:grave_dust":11,"minecraft:diorite":4,"minecraft:trident":2,"minecraft:carrot":1,"minecraft:redstone":57,"minecraft:tnt":3,"minecraft:arrow":27,"minecraft:rotten_flesh":69,"minecraft:polished_basalt":7,"minecraft:saddle":1,"tombstone:essence_of_undeath":1,"minecraft:snowball":6,"minecraft:cobblestone":197,"minecraft:pink_petals":700,"minecraft:leather_chestplate":1,"minecraft:cooked_beef":22,"minecraft:basalt":1,"minecraft:glow_ink_sac":2,"minecraft:salmon":1,"minecraft:andesite":5,"minecraft:leather":12,"minecraft:flint":2,"minecraft:tuff":18,"minecraft:oak_log":50,"minecraft:chainmail_chestplate":2,"minecraft:cobbled_deepslate_stairs":3,"minecraft:gunpowder":20,"minecraft:cherry_door":2,"minecraft:lapis_lazuli":48,"minecraft:dirt":232,"minecraft:paper":8,"tombstone:gift":1,"minecraft:cooked_mutton":30,"minecraft:bone":30,"minecraft:stone_bricks":6,"minecraft:stonecutter":1,"minecraft:bow":5,"minecraft:wheat_seeds":10,"minecraft:raw_gold":18,"minecraft:cooked_chicken":31,"tombstone:bag_of_seeds":1,"spore:mutated_fiber":54,"minecraft:glowstone_dust":2,"minecraft:oak_planks":12,"minecraft:book":63,"spore:cerebrum":7,"minecraft:pumpkin":4,"minecraft:sweet_berries":10,"minecraft:gravel":8,"minecraft:stripped_spruce_log":2,"minecraft:spruce_log":4,"minecraft:grass_block":1,"minecraft:spider_eye":13,"minecraft:bundle":4,"travelersbackpack:standard":4,"tacz:modern_kinetic_gun":2,"minecraft:diamond":20,"minecraft:soul_lantern":2,"minecraft:crossbow":2,"minecraft:granite":52,"minecraft:cherry_sapling":37,"minecraft:lodestone":1,"spore:spine_fragment":6,"minecraft:coal":40,"minecraft:ender_pearl":2}},"DataVersion":3465}