{"stats":{"minecraft:killed_by":{"minecraft:player":1},"minecraft:crafted":{"minecraft:oak_planks":4,"minecraft:iron_boots":1,"minecraft:iron_chestplate":1,"minecraft:stick":8,"minecraft:cooked_chicken":29,"minecraft:iron_helmet":1,"minecraft:iron_pickaxe":2,"minecraft:iron_sword":1,"minecraft:iron_leggings":1},"minecraft:killed":{"spore:inf_pillager":1,"spore:inf_villager":1,"minecraft:husk":1,"minecraft:zombie":4,"spore:inf_human":1,"minecraft:pig":2,"spore:inf_witch":1,"minecraft:creeper":1,"minecraft:cow":8},"minecraft:dropped":{"minecraft:leather_chestplate":1,"minecraft:bone":1},"minecraft:custom":{"minecraft:time_since_rest":6297,"minecraft:interact_with_furnace":1,"minecraft:sprint_one_cm":47069,"minecraft:damage_taken":481,"minecraft:walk_one_cm":75406,"minecraft:mob_kills":20,"minecraft:drop":2,"minecraft:damage_dealt":355,"minecraft:swim_one_cm":11294,"minecraft:interact_with_crafting_table":3,"minecraft:fly_one_cm":30487,"minecraft:open_chest":13,"minecraft:crouch_one_cm":1004,"minecraft:play_time":19982,"tombstone:undead_killed":5,"minecraft:deaths":1,"minecraft:sneak_time":310,"minecraft:walk_under_water_one_cm":1896,"minecraft:jump":209,"minecraft:damage_dealt_resisted":0,"minecraft:walk_on_water_one_cm":7789,"minecraft:time_since_death":17295,"minecraft:sleep_in_bed":1,"minecraft:total_world_time":19982,"minecraft:damage_resisted":0,"minecraft:fall_one_cm":4907},"minecraft:used":{"minecraft:cooked_mutton":3,"minecraft:iron_pickaxe":19,"minecraft:iron_helmet":1,"minecraft:iron_sword":9,"minecraft:iron_boots":1,"minecraft:iron_chestplate":1,"minecraft:dirt":2,"travelersbackpack:standard":1,"minecraft:iron_leggings":1},"minecraft:mined":{"minecraft:iron_ore":5,"minecraft:grass_block":1,"minecraft:dirt":1,"minecraft:copper_ore":12,"minecraft:diorite":2},"minecraft:picked_up":{"spore:mutated_heart":1,"minecraft:stick":5,"apotheosis:gem":2,"minecraft:leather_chestplate":1,"minecraft:leather":10,"minecraft:porkchop":4,"minecraft:diorite":1,"minecraft:grass_block":1,"minecraft:trident":1,"minecraft:gunpowder":3,"minecraft:string":3,"minecraft:dirt":2,"minecraft:raw_copper":36,"travelersbackpack:standard":1,"minecraft:cooked_mutton":29,"minecraft:bone":4,"minecraft:arrow":4,"minecraft:rotten_flesh":6,"minecraft:beef":19,"spore:mutated_fiber":6,"spore:spine_fragment":3,"minecraft:raw_iron":1,"spore:cerebrum":1,"minecraft:ender_pearl":1}},"DataVersion":3465}