{"stats":{"minecraft:broken":{"minecraft:iron_pickaxe":2},"minecraft:killed_by":{"minecraft:player":1,"spore:inf_wanderer":1,"spore:inf_villager":1},"minecraft:crafted":{"minecraft:oak_planks":4,"minecraft:coal":252,"minecraft:cooked_chicken":29,"minecraft:furnace":2,"minecraft:iron_boots":1,"minecraft:cooked_beef":19,"minecraft:iron_helmet":1,"minecraft:iron_sword":1,"minecraft:iron_chestplate":1,"minecraft:stick":8,"minecraft:iron_pickaxe":2,"minecraft:iron_ingot":18,"minecraft:iron_leggings":1,"minecraft:gold_ingot":18,"minecraft:torch":32},"minecraft:killed":{"minecraft:cave_spider":11,"minecraft:spider":3,"minecraft:skeleton":6,"minecraft:husk":1,"minecraft:pig":2,"spore:inf_wanderer":1,"minecraft:creeper":5,"spore:inf_pillager":1,"spore:inf_villager":1,"minecraft:zombie":15,"spore:inf_human":1,"spore:inf_witch":1,"minecraft:glow_squid":1,"minecraft:cow":8},"minecraft:dropped":{"minecraft:candle":2,"minecraft:cobbled_deepslate_stairs":1,"minecraft:oak_fence":2,"minecraft:cobblestone":1,"minecraft:diorite":4,"minecraft:torch":12,"minecraft:iron_pickaxe":1,"minecraft:paper":8,"minecraft:bone":1,"minecraft:oak_trapdoor":1,"minecraft:cobbled_deepslate":64,"alexscaves:cave_tablet":2,"minecraft:tuff":8,"minecraft:rotten_flesh":21,"minecraft:leather_chestplate":1,"apotheosis:gem":1},"minecraft:custom":{"minecraft:interact_with_smithing_table":1,"minecraft:mob_kills":65,"minecraft:interact_with_crafting_table":5,"minecraft:open_barrel":1,"minecraft:damage_dealt_resisted":0,"minecraft:leave_game":1,"minecraft:time_since_death":9401,"minecraft:climb_one_cm":1193,"minecraft:damage_resisted":0,"minecraft:sprint_one_cm":97776,"minecraft:walk_one_cm":443446,"minecraft:drop":21,"minecraft:play_time":116190,"minecraft:deaths":3,"minecraft:sneak_time":1734,"minecraft:walk_under_water_one_cm":17611,"minecraft:jump":1486,"minecraft:walk_on_water_one_cm":26176,"minecraft:total_world_time":116190,"minecraft:interact_with_furnace":15,"minecraft:interact_with_loom":1,"minecraft:sleep_in_bed":2,"minecraft:time_since_rest":9110,"minecraft:damage_taken":1894,"minecraft:damage_dealt":3317,"minecraft:swim_one_cm":14863,"minecraft:fly_one_cm":83590,"minecraft:player_kills":1,"minecraft:open_chest":41,"minecraft:crouch_one_cm":2690,"tombstone:undead_killed":22,"minecraft:fall_one_cm":21530},"minecraft:used":{"minecraft:iron_sword":152,"minecraft:cooked_chicken":3,"minecraft:iron_chestplate":1,"minecraft:torch":29,"minecraft:dirt":2,"minecraft:granite":1,"minecraft:iron_helmet":1,"minecraft:iron_boots":1,"minecraft:furnace":2,"tombstone:gift":4,"minecraft:cobbled_deepslate":70,"minecraft:iron_leggings":1,"minecraft:cooked_mutton":15,"minecraft:cobbled_deepslate_stairs":2,"tombstone:bag_of_seeds":2,"minecraft:iron_pickaxe":594,"minecraft:cobblestone":24,"travelersbackpack:standard":3},"minecraft:mined":{"minecraft:tuff":16,"minecraft:cobbled_deepslate_stairs":5,"minecraft:deepslate_diamond_ore":1,"minecraft:candle":1,"minecraft:granite":52,"minecraft:chiseled_bookshelf":1,"minecraft:grass_block":4,"minecraft:coal_block":2,"minecraft:spawner":1,"minecraft:oak_trapdoor":1,"minecraft:iron_ore":17,"minecraft:cobbled_deepslate":5,"minecraft:andesite":5,"minecraft:deepslate_lapis_ore":7,"minecraft:bookshelf":2,"minecraft:deepslate_iron_ore":5,"minecraft:vine":1,"minecraft:stone":177,"minecraft:deepslate_redstone_ore":13,"travelersbackpack:standard":2,"minecraft:oak_fence":2,"minecraft:torch":2,"minecraft:copper_ore":43,"minecraft:cobblestone":2,"minecraft:deepslate_coal_ore":4,"minecraft:deepslate_gold_ore":15,"minecraft:diorite":2,"minecraft:wall_torch":7,"minecraft:deepslate_copper_ore":5,"minecraft:grass":2,"minecraft:coal_ore":36,"minecraft:gravel":8,"minecraft:dirt":9,"minecraft:lodestone":1,"minecraft:stonecutter":1,"minecraft:gold_ore":3,"minecraft:deepslate":171},"minecraft:picked_up":{"spore:mutated_heart":1,"alexscaves:cave_tablet":2,"minecraft:shield":1,"minecraft:string":32,"minecraft:oak_trapdoor":1,"minecraft:raw_copper":156,"tacz:ammo":80,"minecraft:candle":2,"minecraft:cobbled_deepslate":190,"minecraft:beef":19,"minecraft:iron_pickaxe":1,"minecraft:coal_block":2,"minecraft:egg":1,"minecraft:stick":5,"minecraft:raw_iron":18,"apotheosis:gem":3,"minecraft:oak_fence":2,"minecraft:torch":13,"minecraft:porkchop":4,"tombstone:grave_dust":5,"minecraft:diorite":4,"minecraft:trident":1,"minecraft:redstone":56,"minecraft:rotten_flesh":42,"minecraft:arrow":16,"minecraft:cobblestone":197,"minecraft:leather_chestplate":1,"minecraft:glow_ink_sac":2,"minecraft:andesite":5,"minecraft:leather":10,"minecraft:flint":2,"minecraft:tuff":18,"minecraft:chainmail_chestplate":1,"minecraft:cobbled_deepslate_stairs":3,"minecraft:gunpowder":9,"minecraft:dirt":13,"minecraft:lapis_lazuli":48,"minecraft:paper":8,"minecraft:cooked_mutton":30,"minecraft:bone":17,"minecraft:stonecutter":1,"minecraft:bow":2,"minecraft:raw_gold":18,"spore:mutated_fiber":15,"tombstone:bag_of_seeds":1,"minecraft:book":6,"spore:cerebrum":2,"minecraft:gravel":6,"minecraft:grass_block":1,"minecraft:spider_eye":13,"travelersbackpack:standard":3,"minecraft:diamond":20,"minecraft:granite":52,"minecraft:lodestone":1,"spore:spine_fragment":4,"minecraft:coal":40,"minecraft:ender_pearl":1}},"DataVersion":3465}