{"stats":{"minecraft:broken":{"minecraft:chainmail_chestplate":1,"minecraft:iron_pickaxe":2,"minecraft:iron_helmet":1,"minecraft:wooden_axe":2},"minecraft:killed_by":{"minecraft:player":2,"spore:inf_wanderer":1,"bosses_of_mass_destruction:lich":1,"spore:inf_villager":1},"minecraft:crafted":{"minecraft:oak_planks":132,"minecraft:coal":252,"minecraft:cooked_chicken":29,"minecraft:furnace":2,"minecraft:iron_boots":1,"minecraft:chest":1,"minecraft:cooked_beef":19,"minecraft:crafting_table":2,"minecraft:spruce_planks":12,"minecraft:iron_helmet":1,"minecraft:iron_sword":1,"minecraft:copper_ingot":64,"minecraft:iron_chestplate":1,"minecraft:stick":24,"minecraft:iron_ingot":18,"minecraft:iron_pickaxe":3,"minecraft:wooden_axe":2,"minecraft:gold_ingot":18,"minecraft:iron_shovel":1,"minecraft:iron_leggings":1,"minecraft:torch":56},"minecraft:killed":{"spore:inf_hazmat":4,"minecraft:cave_spider":12,"minecraft:witch":1,"minecraft:spider":3,"minecraft:phantom":6,"minecraft:horse":1,"minecraft:skeleton":11,"minecraft:husk":1,"minecraft:pig":2,"spore:inf_player":1,"spore:inf_wanderer":3,"spore:inf_drowned":2,"minecraft:creeper":11,"minecraft:polar_bear":1,"spore:inf_pillager":3,"spore:inf_villager":8,"minecraft:zombie":31,"spore:inf_human":8,"minecraft:stray":1,"spore:inf_witch":3,"minecraft:glow_squid":1,"minecraft:cow":8},"minecraft:dropped":{"minecraft:stripped_spruce_log":1,"minecraft:candle":2,"minecraft:wheat_seeds":10,"minecraft:cooked_beef":3,"minecraft:cobbled_deepslate_stairs":1,"minecraft:oak_fence":2,"minecraft:cobblestone":1,"minecraft:cracked_stone_bricks":4,"minecraft:stick":3,"minecraft:diorite":4,"minecraft:torch":12,"tombstone:grave_key":1,"minecraft:wooden_axe":1,"minecraft:snowball":6,"minecraft:iron_leggings":1,"minecraft:polished_basalt":2,"minecraft:iron_pickaxe":2,"minecraft:paper":8,"minecraft:pink_petals":128,"minecraft:bone":4,"minecraft:redstone":1,"minecraft:oak_trapdoor":1,"minecraft:cobbled_deepslate":64,"minecraft:tuff":8,"alexscaves:cave_tablet":2,"minecraft:rotten_flesh":59,"minecraft:leather_chestplate":1,"minecraft:bundle":1,"minecraft:stone_brick_wall":11,"apotheosis:gem":2,"minecraft:stone_bricks":1,"minecraft:basalt":1,"minecraft:bow":1,"minecraft:egg":2},"minecraft:custom":{"minecraft:interact_with_smithing_table":1,"minecraft:mob_kills":132,"minecraft:interact_with_crafting_table":12,"minecraft:open_barrel":1,"minecraft:damage_dealt_resisted":0,"minecraft:leave_game":3,"minecraft:time_since_death":21373,"minecraft:climb_one_cm":2346,"minecraft:damage_resisted":0,"minecraft:sprint_one_cm":564079,"minecraft:walk_one_cm":1111252,"minecraft:drop":48,"minecraft:play_time":298226,"minecraft:sneak_time":4397,"minecraft:deaths":6,"minecraft:walk_under_water_one_cm":41420,"minecraft:jump":3692,"minecraft:walk_on_water_one_cm":104189,"minecraft:total_world_time":298226,"minecraft:interact_with_furnace":16,"tombstone:raider_killed":7,"minecraft:interact_with_loom":1,"minecraft:sleep_in_bed":7,"minecraft:time_since_rest":20767,"minecraft:damage_taken":4585,"minecraft:trigger_trapped_chest":3,"minecraft:damage_dealt":5777,"minecraft:player_kills":1,"minecraft:swim_one_cm":102296,"minecraft:fly_one_cm":534394,"minecraft:crouch_one_cm":7100,"minecraft:open_chest":72,"tombstone:undead_killed":51,"minecraft:fall_one_cm":69502,"minecraft:horse_one_cm":704540},"minecraft:used":{"minecraft:cherry_sapling":2,"minecraft:iron_shovel":123,"minecraft:polished_basalt":5,"minecraft:chest":1,"minecraft:spruce_planks":7,"minecraft:iron_sword":211,"minecraft:cooked_chicken":3,"minecraft:iron_chestplate":1,"minecraft:torch":58,"spore:lab_block":1,"minecraft:dirt":67,"minecraft:granite":1,"minecraft:wooden_axe":121,"minecraft:iron_boots":1,"minecraft:iron_helmet":1,"minecraft:stone_brick_stairs":1,"minecraft:stone_bricks":1,"minecraft:basalt":5,"minecraft:bow":52,"minecraft:furnace":2,"tombstone:gift":6,"minecraft:cooked_beef":28,"minecraft:cobbled_deepslate":70,"minecraft:iron_leggings":1,"minecraft:cooked_mutton":15,"minecraft:water_bucket":69,"minecraft:oak_planks":3,"minecraft:crafting_table":2,"minecraft:cobbled_deepslate_stairs":2,"tombstone:bag_of_seeds":2,"minecraft:iron_pickaxe":595,"tombstone:grave_key":4,"minecraft:gravel":2,"travelersbackpack:standard":20,"minecraft:cobblestone":24,"minecraft:bucket":70},"minecraft:mined":{"minecraft:tuff":16,"minecraft:spruce_planks":5,"minecraft:cobbled_deepslate_stairs":5,"minecraft:deepslate_diamond_ore":1,"minecraft:candle":1,"minecraft:cherry_log":76,"minecraft:granite":52,"minecraft:chiseled_bookshelf":1,"travelersbackpack:red_sleeping_bag":1,"minecraft:grass_block":123,"minecraft:coal_block":2,"minecraft:spruce_leaves":6,"minecraft:spawner":1,"minecraft:oak_trapdoor":1,"minecraft:iron_ore":17,"minecraft:cobbled_deepslate":5,"minecraft:andesite":5,"minecraft:stripped_spruce_log":2,"minecraft:pumpkin":4,"minecraft:deepslate_lapis_ore":7,"minecraft:bookshelf":24,"minecraft:deepslate_iron_ore":5,"minecraft:vine":1,"minecraft:packed_ice":9,"minecraft:stone":177,"minecraft:spruce_slab":1,"minecraft:podzol":3,"minecraft:deepslate_redstone_ore":13,"travelersbackpack:standard":3,"minecraft:oak_fence":2,"minecraft:torch":5,"minecraft:crafting_table":1,"minecraft:copper_ore":43,"minecraft:tall_grass":11,"minecraft:cobblestone":2,"minecraft:deepslate_coal_ore":4,"minecraft:deepslate_gold_ore":15,"minecraft:oak_planks":3,"minecraft:sugar_cane":12,"minecraft:diorite":2,"minecraft:wall_torch":12,"minecraft:deepslate_copper_ore":5,"minecraft:pink_petals":49,"minecraft:spruce_stairs":1,"minecraft:trapped_chest":1,"minecraft:sweet_berry_bush":5,"minecraft:ice":44,"minecraft:spruce_log":4,"minecraft:tnt":3,"minecraft:grass":26,"minecraft:coal_ore":36,"minecraft:cherry_leaves":9,"minecraft:cyan_carpet":3,"minecraft:gravel":10,"minecraft:dirt":22,"minecraft:lodestone":1,"minecraft:stonecutter":1,"minecraft:gold_ore":3,"minecraft:oak_leaves":11,"minecraft:deepslate":171,"minecraft:fern":1},"minecraft:picked_up":{"minecraft:wooden_axe":1,"spore:mutated_heart":1,"spore:lab_block":1,"minecraft:crafting_table":1,"minecraft:lead":2,"alexscaves:cave_tablet":2,"minecraft:stone_brick_wall":11,"minecraft:stone_brick_stairs":1,"tombstone:grave_key":1,"minecraft:shield":1,"minecraft:oak_trapdoor":1,"minecraft:string":58,"minecraft:raw_copper":156,"tacz:ammo":331,"minecraft:item_frame":8,"minecraft:cyan_carpet":3,"minecraft:cracked_stone_bricks":4,"minecraft:diamond_leggings":1,"minecraft:cobbled_deepslate":190,"minecraft:candle":2,"minecraft:spruce_planks":5,"minecraft:beef":19,"minecraft:iron_pickaxe":2,"minecraft:spruce_slab":1,"minecraft:coal_block":2,"minecraft:sugar_cane":30,"minecraft:phantom_membrane":4,"minecraft:iron_boots":1,"minecraft:egg":3,"minecraft:tipped_arrow":2,"minecraft:stick":16,"minecraft:raw_iron":18,"apotheosis:gem":12,"minecraft:oak_fence":2,"minecraft:torch":21,"minecraft:spruce_stairs":1,"minecraft:porkchop":4,"minecraft:cherry_log":77,"tombstone:grave_dust":11,"minecraft:diorite":4,"minecraft:trident":1,"minecraft:carrot":1,"minecraft:redstone":57,"minecraft:tnt":3,"minecraft:arrow":26,"minecraft:rotten_flesh":59,"minecraft:polished_basalt":7,"minecraft:saddle":1,"tombstone:essence_of_undeath":1,"minecraft:snowball":6,"minecraft:cobblestone":197,"minecraft:pink_petals":691,"minecraft:leather_chestplate":1,"minecraft:cooked_beef":22,"minecraft:basalt":1,"minecraft:glow_ink_sac":2,"minecraft:salmon":1,"minecraft:andesite":5,"minecraft:leather":12,"minecraft:flint":2,"minecraft:tuff":18,"minecraft:chainmail_chestplate":2,"minecraft:cobbled_deepslate_stairs":3,"minecraft:gunpowder":18,"minecraft:lapis_lazuli":48,"minecraft:dirt":146,"minecraft:paper":8,"tombstone:gift":1,"minecraft:cooked_mutton":30,"minecraft:bone":28,"minecraft:stone_bricks":2,"minecraft:stonecutter":1,"minecraft:bow":5,"minecraft:wheat_seeds":10,"minecraft:raw_gold":18,"tombstone:bag_of_seeds":1,"spore:mutated_fiber":32,"minecraft:glowstone_dust":2,"minecraft:oak_planks":3,"minecraft:book":63,"spore:cerebrum":4,"minecraft:pumpkin":4,"minecraft:sweet_berries":10,"minecraft:gravel":8,"minecraft:stripped_spruce_log":2,"minecraft:spruce_log":4,"minecraft:grass_block":1,"minecraft:spider_eye":13,"minecraft:bundle":3,"travelersbackpack:standard":4,"minecraft:diamond":20,"minecraft:soul_lantern":2,"minecraft:crossbow":1,"minecraft:granite":52,"minecraft:cherry_sapling":10,"minecraft:lodestone":1,"spore:spine_fragment":6,"minecraft:coal":40,"minecraft:ender_pearl":2}},"DataVersion":3465}