{"stats":{"minecraft:broken":{"minecraft:iron_pickaxe":1},"minecraft:killed_by":{"minecraft:player":1,"spore:inf_villager":1},"minecraft:crafted":{"minecraft:oak_planks":4,"minecraft:iron_helmet":1,"minecraft:cooked_chicken":29,"minecraft:iron_sword":1,"minecraft:iron_boots":1,"minecraft:iron_chestplate":1,"minecraft:stick":8,"minecraft:iron_pickaxe":2,"minecraft:iron_leggings":1,"minecraft:torch":32},"minecraft:killed":{"minecraft:husk":1,"minecraft:cave_spider":10,"minecraft:pig":2,"minecraft:spider":3,"minecraft:creeper":5,"minecraft:skeleton":5,"spore:inf_pillager":1,"spore:inf_villager":1,"minecraft:zombie":13,"spore:inf_human":1,"spore:inf_witch":1,"minecraft:glow_squid":1,"minecraft:cow":8},"minecraft:dropped":{"minecraft:candle":2,"minecraft:oak_trapdoor":1,"minecraft:cobbled_deepslate_stairs":1,"minecraft:oak_fence":2,"minecraft:tuff":8,"alexscaves:cave_tablet":2,"minecraft:cobblestone":1,"minecraft:leather_chestplate":1,"minecraft:diorite":4,"minecraft:torch":12,"minecraft:paper":8,"minecraft:bone":1},"minecraft:custom":{"minecraft:interact_with_furnace":1,"minecraft:mob_kills":59,"minecraft:interact_with_crafting_table":3,"minecraft:open_barrel":1,"minecraft:interact_with_loom":1,"minecraft:damage_dealt_resisted":0,"minecraft:time_since_death":23953,"minecraft:sleep_in_bed":1,"minecraft:climb_one_cm":1193,"minecraft:damage_resisted":0,"minecraft:time_since_rest":23595,"minecraft:sprint_one_cm":79044,"minecraft:damage_taken":1472,"minecraft:walk_one_cm":402729,"minecraft:drop":17,"minecraft:damage_dealt":2376,"minecraft:swim_one_cm":14102,"minecraft:player_kills":1,"minecraft:fly_one_cm":62136,"minecraft:open_chest":16,"minecraft:crouch_one_cm":2583,"minecraft:play_time":91982,"tombstone:undead_killed":19,"minecraft:deaths":2,"minecraft:sneak_time":1725,"minecraft:walk_under_water_one_cm":17585,"minecraft:jump":1242,"minecraft:walk_on_water_one_cm":25234,"minecraft:total_world_time":91982,"minecraft:fall_one_cm":19131},"minecraft:used":{"minecraft:cooked_mutton":15,"minecraft:iron_sword":86,"minecraft:iron_chestplate":1,"minecraft:torch":25,"minecraft:dirt":2,"minecraft:granite":1,"minecraft:cobbled_deepslate_stairs":2,"tombstone:bag_of_seeds":2,"minecraft:iron_pickaxe":305,"minecraft:iron_helmet":1,"minecraft:iron_boots":1,"minecraft:cobblestone":24,"travelersbackpack:standard":2,"tombstone:gift":4,"minecraft:cobbled_deepslate":51,"minecraft:iron_leggings":1},"minecraft:mined":{"minecraft:deepslate_redstone_ore":13,"minecraft:tuff":9,"minecraft:deepslate_diamond_ore":1,"minecraft:candle":1,"minecraft:cobbled_deepslate_stairs":5,"travelersbackpack:standard":1,"minecraft:oak_fence":2,"minecraft:torch":2,"minecraft:granite":1,"minecraft:chiseled_bookshelf":1,"minecraft:grass_block":1,"minecraft:coal_block":2,"minecraft:copper_ore":43,"minecraft:cobblestone":2,"minecraft:deepslate_coal_ore":4,"minecraft:deepslate_gold_ore":15,"minecraft:diorite":2,"minecraft:wall_torch":7,"minecraft:spawner":1,"minecraft:oak_trapdoor":1,"minecraft:iron_ore":17,"minecraft:cobbled_deepslate":5,"minecraft:deepslate_lapis_ore":7,"minecraft:grass":2,"minecraft:bookshelf":2,"minecraft:vine":1,"minecraft:coal_ore":36,"minecraft:deepslate_iron_ore":5,"minecraft:gravel":2,"minecraft:dirt":1,"minecraft:lodestone":1,"minecraft:stonecutter":1,"minecraft:stone":19,"minecraft:gold_ore":3,"minecraft:deepslate":108},"minecraft:picked_up":{"spore:mutated_heart":1,"minecraft:leather_chestplate":1,"minecraft:glow_ink_sac":2,"minecraft:leather":10,"alexscaves:cave_tablet":2,"minecraft:flint":2,"minecraft:tuff":11,"minecraft:shield":1,"minecraft:cobbled_deepslate_stairs":3,"minecraft:gunpowder":9,"minecraft:paper":8,"minecraft:oak_trapdoor":1,"minecraft:lapis_lazuli":48,"minecraft:dirt":2,"minecraft:string":32,"minecraft:raw_copper":138,"tacz:ammo":80,"minecraft:cooked_mutton":29,"minecraft:bone":17,"minecraft:bow":2,"minecraft:stonecutter":1,"minecraft:candle":2,"minecraft:cobbled_deepslate":128,"minecraft:raw_gold":18,"minecraft:beef":19,"tombstone:bag_of_seeds":1,"spore:mutated_fiber":12,"minecraft:coal_block":2,"minecraft:egg":1,"minecraft:book":6,"spore:cerebrum":2,"minecraft:raw_iron":18,"minecraft:stick":5,"apotheosis:gem":3,"minecraft:oak_fence":2,"minecraft:torch":12,"minecraft:porkchop":4,"tombstone:grave_dust":5,"minecraft:diorite":4,"minecraft:trident":1,"minecraft:grass_block":1,"minecraft:redstone":56,"minecraft:spider_eye":13,"travelersbackpack:standard":2,"minecraft:arrow":14,"minecraft:rotten_flesh":17,"minecraft:diamond":20,"minecraft:granite":1,"minecraft:lodestone":1,"spore:spine_fragment":3,"minecraft:coal":40,"minecraft:cobblestone":25,"minecraft:ender_pearl":1}},"DataVersion":3465}