{"stats":{"minecraft:killed_by":{"bosses_of_mass_destruction:lich":1,"spore:inf_villager":1,"minecraft:player":2,"spore:inf_wanderer":1},"minecraft:broken":{"minecraft:iron_shovel":1,"minecraft:chainmail_chestplate":1,"minecraft:wooden_axe":2,"minecraft:iron_axe":2,"minecraft:iron_pickaxe":5,"minecraft:iron_helmet":1},"minecraft:picked_up":{"minecraft:wooden_axe":1,"spore:mutated_heart":6,"minecraft:lead":2,"minecraft:diamond_sword":3,"alexscaves:cave_tablet":2,"minecraft:enchanted_book":1,"minecraft:potion":2,"minecraft:nether_brick":15,"minecraft:stone_brick_stairs":1,"tombstone:grave_key":1,"minecraft:polished_blackstone_brick_stairs":26,"minecraft:string":83,"minecraft:raw_copper":156,"minecraft:shroomlight":1,"minecraft:diamond_leggings":1,"minecraft:cobbled_deepslate":190,"minecraft:gold_nugget":875,"bosses_of_mass_destruction:soul_star":2,"minecraft:spruce_planks":5,"minecraft:iron_pickaxe":7,"minecraft:coal_block":2,"minecraft:iron_boots":1,"minecraft:tipped_arrow":2,"minecraft:stick":32,"apotheosis:gem":15,"minecraft:oak_fence":2,"minecraft:torch":33,"minecraft:spruce_stairs":1,"minecraft:porkchop":4,"tacz:attachment":2,"minecraft:cherry_log":179,"tombstone:grave_dust":11,"minecraft:diorite":4,"minecraft:quartz_block":124,"minecraft:nether_gold_ore":9,"minecraft:rotten_flesh":77,"minecraft:polished_basalt":8,"minecraft:obsidian":19,"minecraft:snowball":6,"irons_spellbooks:copper_spell_book":1,"minecraft:cobblestone":197,"minecraft:pink_petals":800,"minecraft:leather_chestplate":1,"minecraft:cooked_beef":22,"minecraft:magma_cream":1,"minecraft:cherry_planks":10,"minecraft:andesite":5,"minecraft:flint":2,"minecraft:tuff":18,"minecraft:lapis_lazuli":48,"minecraft:cherry_door":3,"minecraft:dirt":370,"minecraft:bone":32,"minecraft:stonecutter":1,"minecraft:bow":6,"minecraft:wheat_seeds":10,"minecraft:raw_gold":18,"minecraft:glowstone_dust":86,"minecraft:oak_planks":38,"spore:cerebrum":9,"minecraft:chiseled_polished_blackstone":4,"patchouli:guide_book":2,"minecraft:warped_wart_block":3,"minecraft:stripped_spruce_log":2,"minecraft:grass_block":1,"minecraft:spectral_arrow":23,"minecraft:bundle":4,"minecraft:diamond":20,"minecraft:soul_lantern":3,"minecraft:cracked_polished_blackstone_bricks":170,"minecraft:crossbow":2,"minecraft:granite":52,"minecraft:chainmail_helmet":1,"spore:spine_fragment":7,"minecraft:netherrack":672,"minecraft:crimson_roots":2,"minecraft:diamond_pickaxe":1,"spore:lab_block":1,"minecraft:crafting_table":1,"minecraft:splash_potion":1,"minecraft:stone_brick_wall":11,"minecraft:gold_block":4,"minecraft:stripped_cherry_log":256,"minecraft:shield":1,"minecraft:oak_trapdoor":1,"minecraft:iron_axe":1,"minecraft:item_frame":8,"tacz:ammo":1066,"minecraft:quartz_slab":81,"minecraft:blackstone":273,"minecraft:cyan_carpet":3,"minecraft:cracked_stone_bricks":4,"minecraft:candle":2,"minecraft:beef":19,"minecraft:spruce_slab":1,"tombstone:tablet_of_assistance":1,"minecraft:sugar_cane":30,"minecraft:phantom_membrane":4,"minecraft:egg":3,"minecraft:raw_iron":18,"minecraft:cherry_stairs":1,"minecraft:copper_ingot":3,"minecraft:fire_charge":1,"minecraft:polished_blackstone_bricks":459,"minecraft:quartz_pillar":2,"minecraft:trident":3,"minecraft:carrot":1,"minecraft:redstone":57,"minecraft:tnt":3,"minecraft:arrow":29,"tombstone:essence_of_undeath":1,"minecraft:saddle":1,"minecraft:gold_ingot":14,"minecraft:basalt":194,"minecraft:glow_ink_sac":2,"minecraft:salmon":1,"minecraft:leather":25,"minecraft:crimson_fungus":3,"minecraft:oak_log":50,"minecraft:chainmail_chestplate":2,"minecraft:cobbled_deepslate_stairs":3,"minecraft:gunpowder":22,"minecraft:paper":8,"tombstone:gift":1,"minecraft:cooked_mutton":30,"minecraft:stone_bricks":29,"minecraft:warped_stem":8,"minecraft:cooked_chicken":57,"spore:mutated_fiber":87,"tombstone:bag_of_seeds":1,"minecraft:soul_sand":17,"minecraft:book":93,"minecraft:warped_fungus":4,"minecraft:nether_quartz_ore":6,"minecraft:sweet_berries":10,"minecraft:pumpkin":4,"minecraft:quartz":1079,"minecraft:gravel":71,"minecraft:white_bed":2,"minecraft:spruce_log":4,"minecraft:crying_obsidian":7,"minecraft:spider_eye":13,"travelersbackpack:standard":4,"tacz:modern_kinetic_gun":3,"minecraft:cherry_sapling":44,"minecraft:warped_roots":1,"minecraft:lodestone":1,"minecraft:warped_nylium":5,"minecraft:coal":40,"minecraft:ender_pearl":7},"minecraft:killed":{"minecraft:cave_spider":12,"spore:inf_hazmat":4,"minecraft:witch":1,"minecraft:spider":4,"minecraft:skeleton":12,"minecraft:magma_cube":23,"minecraft:piglin":3,"minecraft:pig":2,"spore:inf_player":1,"spore:inf_wanderer":3,"spore:inf_drowned":3,"minecraft:creeper":12,"spore:inf_villager":19,"minecraft:zombie":38,"spore:inf_human":24,"minecraft:ghast":1,"minecraft:stray":1,"minecraft:glow_squid":1,"minecraft:cow":8,"minecraft:phantom":6,"minecraft:horse":1,"minecraft:husk":1,"minecraft:polar_bear":1,"spore:inf_pillager":26,"spore:inf_witch":4},"minecraft:dropped":{"minecraft:candle":2,"minecraft:lapis_lazuli":32,"minecraft:cooked_beef":4,"minecraft:warped_roots":1,"minecraft:cracked_stone_bricks":4,"minecraft:cracked_polished_blackstone_bricks":42,"minecraft:polished_blackstone_brick_stairs":26,"minecraft:crimson_roots":2,"minecraft:snowball":6,"minecraft:polished_blackstone_bricks":128,"minecraft:iron_pickaxe":4,"minecraft:bone":4,"minecraft:gold_ingot":55,"minecraft:gravel":76,"minecraft:chiseled_polished_blackstone":2,"minecraft:crimson_fungus":3,"minecraft:blackstone":88,"minecraft:cooked_chicken":15,"minecraft:cobbled_deepslate":64,"alexscaves:cave_tablet":2,"minecraft:obsidian":1,"minecraft:rotten_flesh":61,"minecraft:oak_planks":6,"patchouli:guide_book":2,"minecraft:leather_chestplate":1,"minecraft:turtle_helmet":1,"minecraft:gunpowder":82,"minecraft:stone_brick_wall":11,"apotheosis:gem":2,"minecraft:basalt":54,"minecraft:netherrack":168,"minecraft:egg":2,"minecraft:enchanted_book":1,"minecraft:iron_ingot":10,"minecraft:stripped_spruce_log":1,"minecraft:wheat_seeds":10,"minecraft:cobbled_deepslate_stairs":1,"minecraft:cobblestone":1,"minecraft:oak_fence":2,"minecraft:iron_helmet":2,"minecraft:copper_ingot":67,"minecraft:chainmail_helmet":1,"minecraft:stick":19,"minecraft:diorite":4,"minecraft:torch":13,"tombstone:grave_key":1,"minecraft:wooden_axe":1,"minecraft:iron_leggings":1,"tacz:modern_kinetic_gun":2,"minecraft:iron_axe":1,"minecraft:polished_basalt":3,"minecraft:paper":8,"minecraft:string":9,"minecraft:pink_petals":153,"minecraft:redstone":1,"minecraft:oak_trapdoor":1,"minecraft:tuff":8,"minecraft:diamond_sword":2,"minecraft:bundle":2,"minecraft:diamond_pickaxe":1,"minecraft:stone_bricks":1,"minecraft:bow":3,"minecraft:quartz_slab":1},"minecraft:custom":{"minecraft:interact_with_crafting_table":54,"minecraft:open_barrel":1,"minecraft:leave_game":6,"minecraft:time_since_death":366487,"minecraft:damage_resisted":0,"minecraft:sprint_one_cm":895287,"minecraft:drop":240,"minecraft:play_time":643340,"minecraft:deaths":6,"minecraft:jump":5819,"minecraft:walk_on_water_one_cm":108358,"minecraft:enchant_item":3,"minecraft:interact_with_furnace":61,"minecraft:interact_with_loom":1,"minecraft:sleep_in_bed":16,"minecraft:damage_dealt":6357,"minecraft:player_kills":1,"minecraft:crouch_one_cm":63068,"tombstone:undead_killed":62,"minecraft:horse_one_cm":704540,"minecraft:interact_with_smithing_table":1,"minecraft:mob_kills":221,"minecraft:interact_with_anvil":4,"minecraft:damage_dealt_resisted":0,"minecraft:climb_one_cm":3154,"minecraft:walk_one_cm":2253555,"minecraft:sneak_time":21894,"minecraft:walk_under_water_one_cm":41420,"minecraft:total_world_time":643340,"tombstone:raider_killed":7,"minecraft:interact_with_stonecutter":8,"minecraft:time_since_rest":19371,"minecraft:damage_taken":7238,"minecraft:trigger_trapped_chest":5,"minecraft:swim_one_cm":102296,"minecraft:fly_one_cm":676798,"minecraft:open_chest":260,"minecraft:fall_one_cm":114969},"minecraft:crafted":{"minecraft:oak_planks":332,"minecraft:smooth_stone":12,"minecraft:cooked_chicken":29,"minecraft:stone":48,"minecraft:bookshelf":21,"minecraft:quartz_pillar":1,"minecraft:quartz_block":375,"minecraft:iron_boots":1,"minecraft:chest":4,"minecraft:stone_bricks":36,"minecraft:crafting_table":3,"minecraft:spruce_planks":12,"minecraft:iron_helmet":3,"minecraft:copper_ingot":245,"minecraft:iron_chestplate":2,"minecraft:diamond_pickaxe":1,"minecraft:stick":24,"minecraft:iron_ingot":18,"minecraft:iron_pickaxe":3,"minecraft:gold_ingot":135,"minecraft:cherry_planks":160,"minecraft:coal":540,"minecraft:furnace":4,"minecraft:bone_meal":39,"minecraft:iron_axe":3,"minecraft:cherry_stairs":4,"minecraft:quartz_slab":64,"minecraft:cooked_beef":19,"minecraft:enchanting_table":1,"minecraft:iron_sword":1,"minecraft:wooden_axe":2,"minecraft:cherry_door":3,"minecraft:iron_shovel":2,"minecraft:iron_leggings":1,"minecraft:torch":56},"minecraft:used":{"minecraft:cherry_sapling":37,"minecraft:iron_shovel":314,"minecraft:polished_basalt":5,"minecraft:chest":4,"minecraft:iron_sword":218,"minecraft:iron_chestplate":1,"spore:lab_block":1,"minecraft:obsidian":14,"minecraft:quartz_pillar":2,"minecraft:quartz_slab":143,"minecraft:quartz_block":267,"minecraft:iron_helmet":1,"minecraft:stone_brick_stairs":1,"minecraft:stone_bricks":32,"minecraft:bow":65,"minecraft:furnace":4,"minecraft:chiseled_polished_blackstone":2,"minecraft:oak_planks":127,"minecraft:blackstone":27,"minecraft:cobbled_deepslate_stairs":2,"tombstone:grave_key":4,"minecraft:gravel":2,"minecraft:soul_lantern":3,"minecraft:diamond_sword":10,"minecraft:stripped_cherry_log":209,"minecraft:bone_meal":28,"minecraft:enchanting_table":1,"minecraft:flint_and_steel":1,"minecraft:spruce_planks":7,"minecraft:cooked_chicken":39,"minecraft:netherrack":268,"minecraft:torch":76,"minecraft:dirt":119,"minecraft:granite":1,"minecraft:shroomlight":1,"minecraft:wooden_axe":121,"minecraft:bookshelf":21,"minecraft:iron_axe":548,"minecraft:iron_boots":1,"minecraft:basalt":81,"tombstone:gift":6,"minecraft:cooked_beef":37,"minecraft:cobbled_deepslate":70,"minecraft:cherry_log":150,"minecraft:iron_leggings":1,"minecraft:cooked_mutton":15,"minecraft:water_bucket":93,"minecraft:cherry_planks":139,"minecraft:stonecutter":1,"minecraft:polished_blackstone_bricks":131,"minecraft:crafting_table":4,"minecraft:white_bed":2,"tombstone:bag_of_seeds":2,"minecraft:diamond_pickaxe":655,"minecraft:cherry_door":3,"minecraft:iron_pickaxe":4802,"minecraft:cherry_stairs":1,"minecraft:cobblestone":24,"travelersbackpack:standard":20,"minecraft:bucket":94},"minecraft:mined":{"minecraft:spruce_planks":5,"minecraft:cobbled_deepslate_stairs":5,"minecraft:cherry_log":176,"minecraft:obsidian":14,"minecraft:granite":52,"travelersbackpack:red_sleeping_bag":1,"minecraft:chiseled_polished_blackstone":6,"minecraft:grass_block":309,"minecraft:cracked_polished_blackstone_bricks":257,"minecraft:coal_block":2,"minecraft:crimson_fungus":3,"minecraft:gilded_blackstone":12,"minecraft:spawner":1,"minecraft:polished_blackstone_bricks":1097,"minecraft:glowstone":26,"minecraft:iron_ore":17,"minecraft:cobbled_deepslate":5,"minecraft:pumpkin":4,"minecraft:deepslate_lapis_ore":7,"minecraft:dirt_path":4,"minecraft:quartz_slab":42,"minecraft:spruce_slab":1,"minecraft:deepslate_redstone_ore":13,"minecraft:quartz_block":136,"minecraft:blackstone":265,"minecraft:soul_lantern":2,"minecraft:torch":11,"minecraft:smooth_quartz_slab":1,"minecraft:nether_quartz_ore":456,"minecraft:cobblestone":2,"minecraft:sugar_cane":12,"minecraft:oak_planks":61,"minecraft:wall_torch":17,"minecraft:deepslate_copper_ore":5,"minecraft:pink_petals":53,"minecraft:warped_nylium":36,"minecraft:warped_planks":1,"minecraft:warped_fungus":4,"minecraft:cherry_door":2,"minecraft:tnt":4,"minecraft:grass":28,"minecraft:dirt":35,"minecraft:stonecutter":1,"minecraft:netherrack":2071,"minecraft:oak_leaves":11,"minecraft:deepslate":171,"minecraft:nether_gold_ore":153,"minecraft:tuff":16,"minecraft:deepslate_diamond_ore":1,"minecraft:candle":1,"minecraft:stripped_cherry_log":255,"minecraft:chiseled_bookshelf":1,"minecraft:crimson_roots":1,"minecraft:spruce_leaves":6,"minecraft:oak_trapdoor":1,"minecraft:polished_basalt":2,"minecraft:andesite":5,"minecraft:stripped_spruce_log":2,"minecraft:gold_block":12,"minecraft:bookshelf":34,"minecraft:shroomlight":1,"minecraft:deepslate_iron_ore":5,"minecraft:vine":1,"minecraft:warped_stem":3,"minecraft:packed_ice":9,"minecraft:stone":177,"minecraft:cherry_stairs":1,"minecraft:podzol":3,"minecraft:cherry_planks":8,"minecraft:basalt":203,"travelersbackpack:standard":3,"minecraft:oak_fence":2,"minecraft:crafting_table":1,"minecraft:tall_grass":11,"minecraft:copper_ore":43,"minecraft:deepslate_coal_ore":4,"minecraft:deepslate_gold_ore":15,"minecraft:polished_blackstone_brick_stairs":21,"minecraft:diorite":2,"minecraft:warped_wart_block":3,"minecraft:spruce_stairs":1,"minecraft:trapped_chest":1,"minecraft:sweet_berry_bush":5,"minecraft:ice":44,"minecraft:spruce_log":4,"minecraft:quartz_pillar":2,"minecraft:coal_ore":36,"minecraft:cherry_leaves":89,"minecraft:gravel":10,"minecraft:cyan_carpet":3,"minecraft:lodestone":1,"minecraft:stone_bricks":30,"minecraft:gold_ore":3,"minecraft:fern":1}},"DataVersion":3465}